name,set,rarity,number,listings,price,marketPrice,availability,updatedAt
Defy,Origins,Common,#045/298,363,1.75,2.42,Available,17:05:51 30/09/2026
Spiderling,Vendetta,Common,#097/166,565,0.1,0.22,Available,17:05:51 30/09/2026
Discipline,Origins,Uncommon,#058/298,418,0.85,1.09,Available,17:05:51 30/09/2026
Hidden Blade,Origins,Common,#213/298,367,0.55,0.96,Available,17:05:51 30/09/2026
Scuttle Crab,Unleashed,Rare,#053/219,117,3.18,4.25,Available,17:05:51 30/09/2026
Punch First,Spiritforged,Common,#097/221,477,0.15,0.22,Available,17:05:51 30/09/2026
Charm,Origins,Common,#043/298,451,0.38,0.51,Available,17:05:51 30/09/2026
Star-Crossed,Unleashed,Common,#128/219,491,0.2,0.24,Available,17:05:51 30/09/2026
Tideturner,Origins,Rare,#199/298,176,1.84,2.45,Available,17:05:51 30/09/2026
Ride The Wind,Origins,Common,#173/298,300,0.68,0.78,Available,17:05:51 30/09/2026
Back Off,Unleashed,Uncommon,#042/219,391,0.2,0.36,Available,17:05:51 30/09/2026
"Fizz, Trickster",Spiritforged,Rare,#140/221,210,2.97,4.99,Available,17:05:51 30/09/2026
Stupefy,Origins,Common,#095/298,551,0.23,0.28,Available,17:05:51 30/09/2026
Salvage,Origins,Uncommon,#224/298,184,3.98,4.62,Available,17:05:51 30/09/2026
Decree of Unity,Vendetta,Rare,#131/166,246,0.31,0.37,Available,17:05:51 30/09/2026
Noxus Hopeful,Origins,Common,#012/298,199,0.5,0.53,Available,17:05:51 30/09/2026
Stellacorn Herder,Spiritforged,Uncommon,#048/221,174,0.6,1.21,Available,17:05:51 30/09/2026
Switcheroo,Spiritforged,Rare,#145/221,138,2.75,3.31,Available,17:05:51 30/09/2026
Sprite Fountain,Unleashed,Uncommon,#078/219,193,2.77,3.14,Available,17:05:51 30/09/2026
Bellows Breath,Spiritforged,Rare,#080/221,143,1.99,3.19,Available,17:05:51 30/09/2026
Not So Fast,Spiritforged,Uncommon,#045/221,289,1.14,1.36,Available,17:05:51 30/09/2026
Gust,Origins,Common,#169/298,781,0.19,0.22,Available,17:05:51 30/09/2026
Cull the Weak,Origins,Common,#209/298,414,0.35,0.36,Available,17:05:51 30/09/2026
Zhonya's Hourglass,Origins,Rare,#077/298,68,14.99,19.14,Available,17:05:51 30/09/2026
Decree of Focus,Vendetta,Rare,#040/166,279,0.25,0.41,Available,17:05:51 30/09/2026
En Garde,Origins,Common,#046/298,679,0.21,0.27,Available,17:05:51 30/09/2026
Ferrous Forerunner,Spiritforged,Rare,#021/221,135,2.75,2.67,Available,17:05:51 30/09/2026
Ravenbloom Student,Origins,Uncommon,#103/298,496,0.25,0.35,Available,17:05:51 30/09/2026
Astral Heron,Vendetta,Epic,#044/166,93,37.99,38.94,Available,17:05:51 30/09/2026
Decree of Insight,Vendetta,Rare,#061/166,284,0.24,0.33,Available,17:05:51 30/09/2026
"Vi, Peacekeeper",Unleashed,Rare,#176/219,112,2.89,4.96,Available,17:05:51 30/09/2026
Sabotage,Origins,Rare,#156/298,117,10,13.66,Available,17:05:51 30/09/2026
Falling Star,Origins,Rare,#029/298,181,8.95,12.72,Available,17:05:51 30/09/2026
Rampage,Vendetta,Uncommon,#083/166,322,0.2,0.3,Available,17:05:51 30/09/2026
Sand Soldier // Buff,Spiritforged,Common,#T02,165,0.25,0.39,Available,17:05:51 30/09/2026
Irresistible Faefolk,Unleashed,Rare,#112/219,115,5.49,6.44,Available,17:05:51 30/09/2026
Traveling Merchant,Origins,Uncommon,#185/298,527,0.21,0.26,Available,17:05:51 30/09/2026
Thousand-Tailed Watcher,Origins,Rare,#116/298,197,13.48,19.64,Available,17:05:51 30/09/2026
Flash,Riftbound Organized Play Promotional Cards,Promo,#011/024,70,1.92,1.93,Available,17:05:51 30/09/2026
Lonely Poro,Spiritforged,Common,#036/221,649,0.1,0.18,Available,17:05:51 30/09/2026
Hard Bargain,Spiritforged,Uncommon,#136/221,309,0.68,0.85,Available,17:05:51 30/09/2026
Deathgrip,Spiritforged,Uncommon,#163/221,186,0.38,0.47,Available,17:05:51 30/09/2026
First Mate,Origins,Common,#132/298,442,0.23,0.26,Available,17:05:51 30/09/2026
Disarming Rake,Spiritforged,Common,#032/221,658,0.1,0.19,Available,17:05:51 30/09/2026
"Kennen, Keeper of Balance",Vendetta,Rare,#135/166,508,0.19,0.23,Available,17:05:51 30/09/2026
Honest Broker,Spiritforged,Common,#155/221,741,0.09,0.18,Available,17:05:51 30/09/2026
Temporal Breach,Vendetta,Rare,#066/166,324,0.25,0.45,Available,17:05:51 30/09/2026
Stacked Deck,Origins,Uncommon,#183/298,328,0.47,0.51,Available,17:05:51 30/09/2026
Brutalizer,Spiritforged,Uncommon,#042/221,272,0.25,0.47,Available,17:05:51 30/09/2026
Sterak's Gage,Spiritforged,Rare,#056/221,305,0.1,0.42,Available,17:05:51 30/09/2026
"Evelynn, Entrancing",Unleashed,Rare,#141/219,126,0.9,1.32,Available,17:05:51 30/09/2026
Boots of Swiftness,Spiritforged,Uncommon,#133/221,236,0.35,0.53,Available,17:05:51 30/09/2026
Guardian Angel,Spiritforged,Rare,#051/221,292,0.48,1.15,Available,17:05:51 30/09/2026
Scryer's Bloom,Unleashed,Uncommon,#136/219,883,0.05,0.13,Available,17:05:51 30/09/2026
Rebuke,Origins,Common,#172/298,511,0.25,0.29,Available,17:05:51 30/09/2026
"Karthus, Eternal",Origins,Rare,#236/298,121,2,2.66,Available,17:05:51 30/09/2026
Body Rune,Origins,Common,#126/298,463,0.06,0.11,Available,17:05:51 30/09/2026
Long Sword,Spiritforged,Rare,#022/221,245,0.25,0.4,Available,17:05:51 30/09/2026
Singularity,Origins,Uncommon,#105/298,386,0.65,0.77,Available,17:05:51 30/09/2026
Decree of Rage,Vendetta,Rare,#015/166,530,0.19,0.26,Available,17:05:51 30/09/2026
Decree of Strength,Vendetta,Rare,#085/166,377,0.24,0.32,Available,17:05:51 30/09/2026
Kharox,Vendetta,Epic,#114/166,73,3.49,4.87,Available,17:05:51 30/09/2026
"Nocturne, Horrifying",Origins,Rare,#194/298,233,1,1.33,Available,17:05:51 30/09/2026
Sacrifice,Unleashed,Rare,#173/219,97,2.94,3.48,Available,17:05:51 30/09/2026
Pit Rookie,Origins,Common,#136/298,713,0.1,0.21,Available,17:05:51 30/09/2026
"Vex, Apathetic",Unleashed,Epic,#150/219,137,11.99,14.86,Available,17:05:51 30/09/2026
B.F. Sword,Spiritforged,Uncommon,#161/221,316,0.25,0.33,Available,17:05:51 30/09/2026
Brynhir Thundersong,Origins,Rare,#026/298,202,2.24,2.11,Available,17:05:51 30/09/2026
Steel Paws,Vendetta,Rare,#043/166,434,0.25,0.29,Available,17:05:51 30/09/2026
Wages of Pain,Spiritforged,Common,#070/221,847,0.09,0.16,Available,17:05:51 30/09/2026
Mind Rune,Origins,Common,#089/298,341,0.1,0.13,Available,17:05:51 30/09/2026
Harnessed Dragon,Origins,Rare,#234/298,64,1.2,2.88,Available,17:05:51 30/09/2026
Lightning Rush,Vendetta,Epic,#156/166,290,4.19,5.37,Available,17:05:51 30/09/2026
Deadly Flourish,Unleashed,Uncommon,#073/219,198,0.24,0.34,Available,17:05:51 30/09/2026
"Kayle, Justified",Vendetta,Rare,#134/166,538,0.19,0.3,Available,17:05:51 30/09/2026
"Sona, Harmonious",Origins,Rare,#073/298,277,1.49,1.94,Available,17:05:51 30/09/2026
Rhasa the Sunderer,Origins,Rare,#195/298,283,1.29,1.68,Available,17:05:51 30/09/2026
Pack of Wonders,Origins,Uncommon,#181/298,187,0.39,0.6,Available,17:05:51 30/09/2026
Shadow Clone // Tentacle (Full Art),Vendetta,Common,#T05,117,0.6,0.92,Available,17:05:51 30/09/2026
Helm of Suppression,Vendetta,Epic,#045/166,171,3.07,3.71,Available,17:05:51 30/09/2026
Seal of Rage,Origins,Epic,#040/298,43,25.99,30.15,Available,17:05:51 30/09/2026
Honeyfruit,Unleashed,Rare,#049/219,722,0.09,0.2,Available,17:05:51 30/09/2026
Calm Rune,Origins,Common,#042/298,342,0.1,0.15,Available,17:05:51 30/09/2026
Shuriken Flip,Vendetta,Epic,#140/166,231,7.6,7.6,Available,17:05:51 30/09/2026
"Hwei, Brooding Painter",Unleashed,Rare,#080/219,138,3.47,3.33,Available,17:05:51 30/09/2026
"Blitzcrank, Impassive",Origins,Rare,#067/298,86,1.98,2.34,Available,17:05:51 30/09/2026
Soaring Scout,Origins,Common,#216/298,758,0.1,0.15,Available,17:05:51 30/09/2026
Block,Origins,Uncommon,#057/298,447,0.23,0.25,Available,17:05:51 30/09/2026
"Akali, Silent",Vendetta,Rare,#038/166,409,0.2,0.31,Available,17:05:51 30/09/2026
"Nidalee, Cat Form",Unleashed,Rare,#114/219,94,1.99,2.79,Available,17:05:51 30/09/2026
Watchful Sentry,Origins,Common,#096/298,746,0.11,0.13,Available,17:05:51 30/09/2026
Rebuttal,Vendetta,Epic,#152/166,278,2.21,2.22,Available,17:05:51 30/09/2026
"Pyke, Returned",Unleashed,Rare,#145/219,114,0.75,0.82,Available,17:05:51 30/09/2026
Bottled Constellation,Vendetta,Epic,#067/166,35,0.49,1.64,Available,17:05:51 30/09/2026
Edge of Night,Spiritforged,Rare,#139/221,401,0.1,0.45,Available,17:05:51 30/09/2026
Grim Apothecary,Unleashed,Rare,#021/219,538,0.19,0.22,Available,17:05:51 30/09/2026
Ruin Runner,Spiritforged,Uncommon,#105/221,279,0.24,0.4,Available,17:05:51 30/09/2026
Imperial Decree,Origins,Uncommon,#221/298,323,0.45,0.62,Available,17:05:51 30/09/2026
Cleave,Origins,Common,#004/298,935,0.09,0.16,Available,17:05:51 30/09/2026
Glasc Mixologist,Spiritforged,Uncommon,#165/221,440,0.23,0.24,Available,17:05:51 30/09/2026
Treasure Hunter,Spiritforged,Common,#130/221,958,0.05,0.17,Available,17:05:51 30/09/2026
Kinkou Initiate,Unleashed,Common,#097/219,946,0.05,0.11,Available,17:05:51 30/09/2026
Order Rune,Vendetta,Common,#R06,247,0.04,0.1,Available,17:05:51 30/09/2026
Inferna,Unleashed,Common,#002/219,881,0.08,0.13,Available,17:05:51 30/09/2026
Sprite Burst,Unleashed,Common,#069/219,907,0.08,0.14,Available,17:05:51 30/09/2026
Abandon,Unleashed,Uncommon,#131/219,200,0.38,0.49,Available,17:05:51 30/09/2026
"Kha'Zix, Mutating Horror",Unleashed,Rare,#143/219,449,0.22,0.35,Available,17:05:51 30/09/2026
Pickpocket,Spiritforged,Uncommon,#074/221,407,0.24,0.29,Available,17:05:51 30/09/2026
Mask of Foresight,Origins,Uncommon,#060/298,205,0.2,0.69,Available,17:05:51 30/09/2026
Repulse,Unleashed,Uncommon,#106/219,242,0.24,0.45,Available,17:05:51 30/09/2026
Atakhan,Unleashed,Rare,#170/219,706,0.13,0.2,Available,17:05:51 30/09/2026
Order Rune,Origins,Common,#214/298,393,0.09,0.12,Available,17:05:51 30/09/2026
Mirror Image,Unleashed,Epic,#200/219,120,10.79,18.82,Available,17:05:51 30/09/2026
Carrion Dredger,Unleashed,Common,#153/219,954,0.03,0.1,Available,17:05:51 30/09/2026
Patched Porobot,Vendetta,Uncommon,#058/166,599,0.14,0.2,Available,17:05:51 30/09/2026
Ravenbloom Prefect,Vendetta,Uncommon,#102/166,599,0.13,0.21,Available,17:05:51 30/09/2026
"Illaoi, Prophet of the Great Kraken",Vendetta,Rare,#109/166,581,0.1,0.24,Available,17:05:51 30/09/2026
"Riven, Shattered",Riftbound Organized Play Promotional Cards,Promo,#041/166,109,2.47,2.45,Available,17:05:51 30/09/2026
Seal of Discord,Origins,Epic,#204/298,97,34.97,33.16,Available,17:05:51 30/09/2026
"Ashe, Focused",Riftbound Organized Play Promotional Cards,Promo,#169/219,165,1.44,2.09,Available,17:05:51 30/09/2026
Acceptable Losses,Origins,Uncommon,#179/298,242,0.38,0.64,Available,17:05:51 30/09/2026
Seal of Focus,Origins,Epic,#081/298,93,19.25,20.05,Available,17:05:51 30/09/2026
Rift Herald,Unleashed,Epic,#179/219,60,10.52,11.57,Available,17:05:51 30/09/2026
Tail-Cloaked Matriarch,Vendetta,Uncommon,#104/166,664,0.07,0.15,Available,17:05:51 30/09/2026
Tactical Retreat,Unleashed,Rare,#175/219,532,0.15,0.29,Available,17:05:51 30/09/2026
Tornado Warrior,Vendetta,Common,#099/166,917,0.04,0.11,Available,17:05:51 30/09/2026
Ocean Drake,Vendetta,Epic,#115/166,210,0.65,0.93,Available,17:05:51 30/09/2026
Seal of Unity,Origins,Epic,#245/298,123,10,15.87,Available,17:05:51 30/09/2026
"Jhin, Murderous Artist",Unleashed,Rare,#022/219,382,0.25,0.27,Available,17:05:51 30/09/2026
Baited Hook,Origins,Epic,#242/298,59,45.99,60.35,Available,17:05:51 30/09/2026
Calm Rune,Vendetta,Common,#R02,208,0.09,0.12,Available,17:05:51 30/09/2026
Up from the Deep,Vendetta,Common,#100/166,825,0.02,0.11,Available,17:05:51 30/09/2026
Smoke and Mirrors,Unleashed,Rare,#083/219,179,0.37,0.63,Available,17:05:51 30/09/2026
"Kennen, Storm of Shuriken",Vendetta,Epic,#113/166,298,0.99,1.25,Available,17:05:51 30/09/2026
Emperor's Divide,Spiritforged,Uncommon,#043/221,293,0.18,0.35,Available,17:05:51 30/09/2026
"Darius, Trifarian",Origins,Rare,#027/298,167,1.43,1.87,Available,17:05:51 30/09/2026
"Gangplank, Naval",Vendetta,Rare,#086/166,619,0.08,0.18,Available,17:05:51 30/09/2026
Seal of Insight,Origins,Epic,#120/298,69,14.99,15.65,Available,17:05:51 30/09/2026
Defiant Dance,Spiritforged,Epic,#196/221,86,17.7,20.29,Available,17:05:51 30/09/2026
"Akshan, Mischievous",Spiritforged,Rare,#109/221,301,0.43,0.93,Available,17:05:51 30/09/2026
Detonate,Spiritforged,Common,#005/221,1139,0.01,0.11,Available,17:05:51 30/09/2026
Shady Spectacles,Vendetta,Epic,#137/166,154,0.94,1,Available,17:05:51 30/09/2026
Mobilize,Origins,Common,#134/298,909,0.08,0.11,Available,17:05:51 30/09/2026
Undertitan,Spiritforged,Rare,#175/221,411,0.22,0.28,Available,17:05:51 30/09/2026
Forge of the Future,Origins,Common,#212/298,1097,0.07,0.14,Available,17:05:51 30/09/2026
Brittle Steel,Vendetta,Common,#003/166,845,0.03,0.11,Available,17:05:51 30/09/2026
Seal of Strength,Origins,Epic,#163/298,143,8.99,11.19,Available,17:05:51 30/09/2026
Tomb-Raider Barbara,Vendetta,Uncommon,#037/166,678,0.09,0.1,Available,17:05:51 30/09/2026
Treasure Trove,Origins,Uncommon,#186/298,272,0.43,0.56,Available,17:05:51 30/09/2026
Heart of Dark Ice,Spiritforged,Rare,#052/221,441,0.2,0.3,Available,17:05:51 30/09/2026
Dredge Up,Vendetta,Common,#049/166,954,0.03,0.08,Available,17:05:51 30/09/2026
Promising Future,Origins,Rare,#115/298,174,0.75,0.96,Available,17:05:51 30/09/2026
Smoke Screen,Origins,Common,#093/298,735,0.1,0.18,Available,17:05:51 30/09/2026
Death Mark,Vendetta,Epic,#144/166,292,0.4,0.74,Available,17:05:51 30/09/2026
Plundering Poro,Spiritforged,Common,#069/221,915,0.09,0.13,Available,17:05:51 30/09/2026
"Fiora, Victorious",Origins,Rare,#232/298,232,0.95,1.31,Available,17:05:51 30/09/2026
Arise!,Spiritforged,Epic,#198/221,74,22.98,26.37,Available,17:05:51 30/09/2026
Mischievous Marai,Unleashed,Common,#003/219,1081,0.04,0.09,Available,17:05:51 30/09/2026
Trinity Force,Spiritforged,Rare,#115/221,421,0.13,0.37,Available,17:05:51 30/09/2026
"Galio, Indefatigable",Unleashed,Rare,#171/219,666,0.13,0.25,Available,17:05:51 30/09/2026
Ruined Rex,Unleashed,Common,#067/219,1082,0.05,0.08,Available,17:05:51 30/09/2026
"Lillia, Fae Fawn",Unleashed,Rare,#082/219,278,0.25,0.38,Available,17:05:51 30/09/2026
Calm Rune (R02a),Vendetta,Showcase,#R02a,48,5,6.55,Available,17:05:51 30/09/2026
Vanguard Armory,Spiritforged,Uncommon,#168/221,654,0.09,0.22,Available,17:05:51 30/09/2026
"Rengar, Trophy Hunter",Unleashed,Epic,#120/219,120,31.28,34.24,Available,17:05:51 30/09/2026
Acceleration Gate,Vendetta,Epic,#150/166,272,0.69,0.79,Available,17:05:51 30/09/2026
"Caitlyn, Patrolling",Origins,Rare,#068/298,319,0.24,0.42,Available,17:05:51 30/09/2026
Bewitching Spirit,Unleashed,Common,#121/219,962,0.05,0.12,Available,17:05:51 30/09/2026
Call to Glory,Origins,Common,#207/298,739,0.13,0.2,Available,17:05:51 30/09/2026
Public Execution,Vendetta,Epic,#154/166,252,0.89,1.04,Available,17:05:51 30/09/2026
Plaza Guardian,Vendetta,Rare,#064/166,689,0.09,0.29,Available,17:05:51 30/09/2026
Seat of Power,Spiritforged,Uncommon,#217/221,537,0.08,0.2,Available,17:05:51 30/09/2026
Thrill of the Hunt,Unleashed,Epic,#184/219,73,9.75,10.24,Available,17:05:51 30/09/2026
Turn to Dust,Unleashed,Common,#070/219,728,0.09,0.16,Available,17:05:51 30/09/2026
Eclipse,Unleashed,Common,#063/219,1004,0.04,0.11,Available,17:05:51 30/09/2026
Retreat,Origins,Uncommon,#104/298,418,0.3,0.62,Available,17:05:51 30/09/2026
Decree of Discord,Vendetta,Rare,#107/166,622,0.1,0.19,Available,17:05:51 30/09/2026
"Mel, Newly Awakened",Vendetta,Epic,#069/166,253,0.81,0.81,Available,17:05:51 30/09/2026
Unyielding Spirit,Origins,Uncommon,#145/298,309,0.39,0.57,Available,17:05:51 30/09/2026
"Ahri, Nine-Tailed Fox",Origins,Rare,#255/298,129,1.49,1.71,Available,17:05:51 30/09/2026
Challenge,Origins,Common,#128/298,670,0.19,0.23,Available,17:05:51 30/09/2026
Clockwork Keeper,Origins,Common,#044/298,1114,0.07,0.12,Available,17:05:51 30/09/2026
Doran's Shield,Spiritforged,Common,#033/221,1112,0.01,0.1,Available,17:05:51 30/09/2026
"Rumble, Mechanized Menace",Spiritforged,Rare,#181/221,832,0.06,0.13,Available,17:05:51 30/09/2026
Riposte,Spiritforged,Epic,#206/221,86,2.89,4.47,Available,17:05:51 30/09/2026
Eye of the Herald,Spiritforged,Common,#153/221,1074,0.04,0.09,Available,17:05:51 30/09/2026
Guards!,Spiritforged,Common,#154/221,1068,0.03,0.08,Available,17:05:51 30/09/2026
Body Rune (R04a),Vendetta,Showcase,#R04a,60,4.11,5.08,Available,17:05:51 30/09/2026
Void Rush,Spiritforged,Epic,#188/221,133,7,10.5,Available,17:05:51 30/09/2026
"Janna, Savior",Spiritforged,Rare,#053/221,247,0.22,0.45,Available,17:05:51 30/09/2026
Endless Riches,Vendetta,Epic,#022/166,204,0.49,0.98,Available,17:05:51 30/09/2026
Thermo Beam,Origins,Uncommon,#022/298,355,0.29,0.33,Available,17:05:51 30/09/2026
Dazzling Aurora,Origins,Epic,#160/298,104,36.5,36.67,Available,17:05:51 30/09/2026
Here to Help,Spiritforged,Rare,#111/221,554,0.13,0.17,Available,17:05:51 30/09/2026
"Ezreal, Prodigy",Spiritforged,Epic,#149/221,87,6,9.78,Available,17:05:51 30/09/2026
Consult the Past,Origins,Common,#083/298,883,0.1,0.19,Available,17:05:51 30/09/2026
Fury Rune,Origins,Common,#007/298,522,0.02,0.1,Available,17:05:51 30/09/2026
"Kai'Sa, Survivor",Origins,Epic,#039/298,65,53.99,70.85,Available,17:05:51 30/09/2026
Order Rune (R06a),Vendetta,Showcase,#R06a,91,5.22,5.98,Available,17:05:51 30/09/2026
"Soraka, Wanderer",Spiritforged,Rare,#173/221,561,0.1,0.24,Available,17:05:51 30/09/2026
Void Assault,Unleashed,Epic,#202/219,87,7,6.93,Available,17:05:51 30/09/2026
"Shen, Leader of the Kinkou Order",Vendetta,Epic,#138/166,362,0.09,0.2,Available,17:05:51 30/09/2026
"Xin Zhao, Vigilant",Spiritforged,Rare,#176/221,257,0.4,0.72,Available,17:05:51 30/09/2026
Mutated Mouser,Unleashed,Common,#036/219,1078,0.05,0.08,Available,17:05:51 30/09/2026
Gutter Palace,Unleashed,Epic,#088/219,54,3,3.89,Available,17:05:51 30/09/2026
The Harrowing,Origins,Rare,#198/298,172,0.24,0.61,Available,17:05:51 30/09/2026
Blood Rush,Spiritforged,Common,#003/221,1078,0.03,0.1,Available,17:05:51 30/09/2026
"Zed, From the Shadows",Vendetta,Epic,#023/166,291,0.15,0.35,Available,17:05:51 30/09/2026
Progress Day,Origins,Rare,#114/298,211,0.75,0.86,Available,17:05:51 30/09/2026
Black Rose Dignitary,Unleashed,Common,#152/219,1066,0.03,0.06,Available,17:05:51 30/09/2026
Poro Snax,Spiritforged,Uncommon,#046/221,661,0.08,0.18,Available,17:05:51 30/09/2026
Pit Crew,Origins,Common,#091/298,788,0.05,0.14,Available,17:05:51 30/09/2026
Fury Rune (R01a),Vendetta,Showcase,#R01a,54,7.3,7.3,Available,17:05:51 30/09/2026
Chaos Rune,Vendetta,Common,#R05,271,0.04,0.09,Available,17:05:51 30/09/2026
Chaos Rune,Origins,Common,#166/298,413,0.07,0.11,Available,17:05:51 30/09/2026
"Akali, Deadly Weapon",Vendetta,Epic,#021/166,267,0.77,0.91,Available,17:05:51 30/09/2026
Catalyst of Aeons,Origins,Uncommon,#138/298,397,0.23,0.32,Available,17:05:51 30/09/2026
Chaos Rune (R05a),Vendetta,Showcase,#R05a,91,7.51,8.04,Available,17:05:51 30/09/2026
Elder Dragon,Unleashed,Epic,#118/219,84,19.99,25.13,Available,17:05:51 30/09/2026
"Yone, Blademaster",Spiritforged,Rare,#116/221,672,0.09,0.22,Available,17:05:51 30/09/2026
Corina Veraza,Spiritforged,Epic,#179/221,25,5,6.16,Available,17:05:51 30/09/2026
"Poppy, Paragon",Unleashed,Rare,#116/219,412,0.12,0.27,Available,17:05:51 30/09/2026
Mind Rune (R03a),Vendetta,Showcase,#R03a,114,4.99,5.31,Available,17:05:51 30/09/2026
Fallen Feline,Vendetta,Rare,#132/166,657,0.11,0.19,Available,17:05:51 30/09/2026
Shadow's Call,Unleashed,Uncommon,#165/219,257,0.24,0.41,Available,17:05:51 30/09/2026
"Ahri, Alluring",Origins,Rare,#066/298,196,0.64,1.04,Available,17:05:51 30/09/2026
Moonfall,Unleashed,Epic,#198/219,212,9.9,10.76,Available,17:05:51 30/09/2026
Soul Sword,Unleashed,Common,#039/219,964,0.04,0.09,Available,17:05:51 30/09/2026
Flurry of Blades,Origins,Common,#133/298,1165,0.01,0.11,Available,17:05:51 30/09/2026
Adaptatron,Origins,Uncommon,#056/298,379,0.25,0.29,Available,17:05:51 30/09/2026
Recruit (273) // Buff,Origins,Common,#273/298,402,0.11,0.18,Available,17:05:51 30/09/2026
"Lucian, Merciless",Spiritforged,Rare,#113/221,443,0.2,0.3,Available,17:05:51 30/09/2026
Svellsongur,Spiritforged,Epic,#059/221,120,8.88,11.92,Available,17:05:51 30/09/2026
Forbidding Waste,Unleashed,Uncommon,#210/219,694,0.1,0.13,Available,17:05:51 30/09/2026
Faithful Manufactor,Origins,Common,#211/298,768,0.07,0.13,Available,17:05:51 30/09/2026
Corrupted Dragon,Vendetta,Epic,#091/166,252,0.6,0.57,Available,17:05:51 30/09/2026
Meditation,Origins,Common,#048/298,1062,0.01,0.15,Available,17:05:51 30/09/2026
Hextech Ray,Origins,Common,#009/298,803,0.08,0.16,Available,17:05:51 30/09/2026
"Heimerdinger, Inventor",Origins,Rare,#111/298,271,0.25,0.44,Available,17:05:51 30/09/2026
Conscription,Unleashed,Rare,#140/219,794,0.03,0.18,Available,17:05:51 30/09/2026
Time Warp,Origins,Epic,#122/298,96,37.99,42.04,Available,17:05:51 30/09/2026
Siphoning Strike,Vendetta,Epic,#146/166,345,0.71,0.82,Available,17:05:51 30/09/2026
Void Seeker,Origins,Uncommon,#024/298,666,0.2,0.25,Available,17:05:51 30/09/2026
Needlessly Large Yordle,Spiritforged,Rare,#055/221,791,0.07,0.14,Available,17:05:51 30/09/2026
Shadow Dash,Vendetta,Epic,#148/166,307,0.29,0.35,Available,17:05:51 30/09/2026
Ki Barrier,Vendetta,Uncommon,#126/166,717,0.1,0.11,Available,17:05:51 30/09/2026
Against the Odds,Spiritforged,Common,#001/221,1084,0.05,0.11,Available,17:05:51 30/09/2026
Baron Nashor,Unleashed,Epic,#147/219,68,22,21.99,Available,17:05:51 30/09/2026
Trifarian War Camp,Origins,Uncommon,#294/298,312,0.3,0.35,Available,17:05:51 30/09/2026
Lecturing Yordle,Origins,Common,#087/298,799,0.03,0.13,Available,17:05:51 30/09/2026
Dominus,Vendetta,Epic,#142/166,262,0.33,0.55,Available,17:05:51 30/09/2026
"Zed, Without a Sound",Vendetta,Rare,#112/166,709,0.1,0.22,Available,17:05:51 30/09/2026
Shadow,Unleashed,Epic,#194/219,324,0.19,0.41,Available,17:05:51 30/09/2026
Mind Rune,Spiritforged,Common,#R03,280,0.1,0.11,Available,17:05:51 30/09/2026
Lilting Lullaby,Unleashed,Epic,#190/219,118,1.51,2.15,Available,17:05:51 30/09/2026
Shepherd's Heirloom,Unleashed,Common,#158/219,924,0.01,0.13,Available,17:05:51 30/09/2026
"Jayce, Man of Progress",Spiritforged,Rare,#084/221,463,0.13,0.29,Available,17:05:51 30/09/2026
The List,Unleashed,Uncommon,#138/219,484,0.1,0.19,Available,17:05:51 30/09/2026
On the Hunt,Spiritforged,Epic,#204/221,208,0.35,0.58,Available,17:05:51 30/09/2026
Piercing Light,Spiritforged,Rare,#023/221,530,0.2,0.32,Available,17:05:51 30/09/2026
Existential Dread,Unleashed,Uncommon,#134/219,584,0.12,0.19,Available,17:05:51 30/09/2026
Alpha Wildclaw,Unleashed,Epic,#057/219,170,0.54,0.74,Available,17:05:51 30/09/2026
Hostile Takeover,Spiritforged,Epic,#202/221,135,1,1.05,Available,17:05:51 30/09/2026
Crumbling Sands,Vendetta,Rare,#039/166,608,0.15,0.21,Available,17:05:51 30/09/2026
Bone Skewer,Unleashed,Rare,#139/219,345,0.15,0.32,Available,17:05:51 30/09/2026
Escaped Grayback,Vendetta,Uncommon,#124/166,672,0.09,0.16,Available,17:05:51 30/09/2026
Tasty Faefolk,Origins,Rare,#075/298,276,0.49,0.67,Available,17:05:51 30/09/2026
Mindsplitter,Origins,Rare,#192/298,371,0.35,0.66,Available,17:05:51 30/09/2026
Rocket Barrage,Spiritforged,Uncommon,#077/221,701,0.1,0.16,Available,17:05:51 30/09/2026
"Jayce, Brilliant Inventor",Vendetta,Epic,#068/166,311,0.35,0.4,Available,17:05:51 30/09/2026
Relentless Pursuit,Spiritforged,Epic,#184/221,185,1.25,1.27,Available,17:05:51 30/09/2026
Garbage Grabber,Origins,Uncommon,#099/298,459,0.08,0.22,Available,17:05:51 30/09/2026
Unchecked Power,Origins,Epic,#123/298,114,18.89,24.91,Available,17:05:51 30/09/2026
Blighted Battleaxe,Unleashed,Rare,#019/219,272,0.19,0.31,Available,17:05:51 30/09/2026
"Anivia, Primal",Origins,Rare,#148/298,392,0.12,0.32,Available,17:05:51 30/09/2026
Noxian Emissary,Vendetta,Uncommon,#128/166,724,0.05,0.12,Available,17:05:51 30/09/2026
Lunar Boon,Unleashed,Common,#125/219,1143,0.05,0.09,Available,17:05:51 30/09/2026
Shadow Order Disciple,Vendetta,Common,#095/166,949,0.03,0.09,Available,17:05:51 30/09/2026
"Nami, Headstrong",Unleashed,Rare,#052/219,349,0.18,0.32,Available,17:05:51 30/09/2026
Alpha Strike,Unleashed,Epic,#192/219,73,2.36,2.89,Available,17:05:51 30/09/2026
"LeBlanc, Fragmented",Unleashed,Rare,#172/219,370,0.19,0.38,Available,17:05:51 30/09/2026
"Akali, Rogue Assassin",Vendetta,Rare,#139/166,616,0.1,0.15,Available,17:05:51 30/09/2026
The Zero Drive,Spiritforged,Epic,#090/221,64,3.99,8.22,Available,17:05:51 30/09/2026
Onslaught,Vendetta,Uncommon,#081/166,681,0.09,0.17,Available,17:05:51 30/09/2026
Cataclysmic Duel,Vendetta,Epic,#090/166,308,0.2,0.4,Available,17:05:51 30/09/2026
Last Rites,Spiritforged,Epic,#150/221,142,29,33.49,Available,17:05:51 30/09/2026
Star Spring,Unleashed,Uncommon,#215/219,653,0.1,0.15,Available,17:05:51 30/09/2026
Find Your Center,Origins,Common,#047/298,682,0.05,0.19,Available,17:05:51 30/09/2026
"Rengar, Pouncing",Spiritforged,Rare,#025/221,263,0.35,0.52,Available,17:05:51 30/09/2026
Sneaky Deckhand,Origins,Common,#176/298,790,0.1,0.17,Available,17:05:51 30/09/2026
Stalwart Poro,Origins,Common,#052/298,983,0.03,0.14,Available,17:05:51 30/09/2026
"Twisted Fate, Gambler",Origins,Rare,#200/298,353,0.24,0.4,Available,17:05:51 30/09/2026
Sprite Queen,Unleashed,Rare,#084/219,579,0.1,0.22,Available,17:05:51 30/09/2026
Grim Resolve,Unleashed,Common,#095/219,1045,0.03,0.08,Available,17:05:51 30/09/2026
Fury Rune (Alternate Art),Origins,Showcase,#007a/298,132,2.47,2.98,Available,17:05:51 30/09/2026
"Mel, Defiant Soul",Vendetta,Rare,#110/166,734,0.08,0.15,Available,17:05:51 30/09/2026
Targon's Peak,Origins,Uncommon,#289/298,378,0.25,0.3,Available,17:05:51 30/09/2026
Wind Wall,Origins,Uncommon,#064/298,511,0.2,0.35,Available,17:05:51 30/09/2026
Sigil of the Storm,Origins,Uncommon,#287/298,418,0.1,0.22,Available,17:05:51 30/09/2026
Forgotten Relic,Vendetta,Rare,#108/166,665,0.02,0.14,Available,17:05:51 30/09/2026
Platewyrm Egg,Vendetta,Common,#075/166,949,0.01,0.06,Available,17:05:51 30/09/2026
Body Rune,Vendetta,Common,#R04,264,0.03,0.1,Available,17:05:51 30/09/2026
"Vayne, Hunter",Origins,Rare,#035/298,305,0.25,0.41,Available,17:05:51 30/09/2026
"LeBlanc, Everywhere At Once",Unleashed,Epic,#090/219,62,3.58,4.24,Available,17:05:51 30/09/2026
"Vi, Destructive",Origins,Rare,#036/298,336,0.25,0.4,Available,17:05:51 30/09/2026
"Shen, Kinkou",Origins,Rare,#241/298,325,0.38,0.57,Available,17:05:51 30/09/2026
Chaos Rune (Alternate Art),Origins,Showcase,#166a/298,136,5,5.9,Available,17:05:51 30/09/2026
"Ambessa, Respected and Feared",Vendetta,Epic,#136/166,348,0.25,0.38,Available,17:05:51 30/09/2026
Mournful Witness,Vendetta,Common,#028/166,920,0.01,0.09,Available,17:05:51 30/09/2026
"Fiora, Peerless",Spiritforged,Rare,#110/221,566,0.1,0.24,Available,17:05:51 30/09/2026
Spinning Axe,Spiritforged,Epic,#186/221,210,1.44,2.16,Available,17:05:51 30/09/2026
"Azir, Sovereign",Spiritforged,Epic,#177/221,72,5.99,8.97,Available,17:05:51 30/09/2026
Clairvoyance,Vendetta,Uncommon,#056/166,717,0.05,0.12,Available,17:05:51 30/09/2026
"Renata Glasc, Industrialist",Spiritforged,Rare,#171/221,588,0.16,0.24,Available,17:05:51 30/09/2026
"Katarina, Reckless",Unleashed,Rare,#023/219,485,0.13,0.21,Available,17:05:51 30/09/2026
"Nasus, Ascended",Vendetta,Epic,#046/166,323,0.2,0.5,Available,17:05:51 30/09/2026
Glowstone,Vendetta,Rare,#133/166,694,0.09,0.13,Available,17:05:51 30/09/2026
Curtain Call,Unleashed,Epic,#182/219,98,1,1.3,Available,17:05:51 30/09/2026
"Ambessa, The Wolf",Vendetta,Rare,#084/166,701,0.05,0.17,Available,17:05:51 30/09/2026
Perfect Execution,Vendetta,Uncommon,#012/166,709,0.07,0.13,Available,17:05:51 30/09/2026
Pouty Poro,Origins,Common,#013/298,1026,0.03,0.08,Available,17:05:51 30/09/2026
"Bard, Mercurial",Spiritforged,Rare,#079/221,661,0.05,0.21,Available,17:05:51 30/09/2026
"Irelia, Fervent",Spiritforged,Epic,#057/221,109,15.99,23.36,Available,17:05:51 30/09/2026
Immortal Phoenix,Origins,Epic,#037/298,145,3.35,4.51,Available,17:05:51 30/09/2026
"Kennen, Heart of the Tempest",Vendetta,Rare,#155/166,664,0.05,0.18,Available,17:05:51 30/09/2026
"Qiyana, Victorious",Origins,Rare,#155/298,297,0.25,0.68,Available,17:05:51 30/09/2026
"Ahri, Inquisitive",Origins,Epic,#119/298,103,3,6.84,Available,17:05:51 30/09/2026
"Rek'Sai, Swarm Queen",Spiritforged,Rare,#170/221,755,0.09,0.21,Available,17:05:51 30/09/2026
Disposal Order,Unleashed,Uncommon,#103/219,483,0.1,0.15,Available,17:05:51 30/09/2026
"Pyke, Dockside Butcher",Unleashed,Epic,#028/219,69,10.99,14.61,Available,17:05:51 30/09/2026
Vanguard Captain,Origins,Common,#218/298,861,0.1,0.16,Available,17:05:51 30/09/2026
"Ezreal, Prodigy",Vendetta,Showcase,#SP5/006,84,13.99,15.73,Available,17:05:51 30/09/2026
Death from Below,Unleashed,Epic,#186/219,250,0.68,0.79,Available,17:05:51 30/09/2026
"Miss Fortune, Captain (Alternate Art)",Origins,Showcase,#162a/298,95,6.99,13.62,Available,17:05:51 30/09/2026
Angler Beast,Unleashed,Uncommon,#132/219,540,0.1,0.15,Available,17:05:51 30/09/2026
Calm Rune (Alternate Art),Origins,Showcase,#042a/298,87,4.29,5.84,Available,17:05:51 30/09/2026
Deadbloom Predator,Origins,Epic,#161/298,244,1.46,1.55,Available,17:05:51 30/09/2026
"Rumble, Hotheaded",Spiritforged,Rare,#026/221,764,0.1,0.2,Available,17:05:51 30/09/2026
Fury Rune,Vendetta,Common,#R01,260,0.04,0.08,Available,17:05:51 30/09/2026
Aspiring Engineer,Spiritforged,Common,#061/221,1114,0.03,0.07,Available,17:05:51 30/09/2026
Zenith Blade,Origins,Epic,#262/298,151,3.99,4.71,Available,17:05:51 30/09/2026
"Jayce, Hammer in Hand",Vendetta,Rare,#088/166,701,0.1,0.16,Available,17:05:51 30/09/2026
"Renekton, Brute",Vendetta,Epic,#092/166,322,0.09,0.32,Available,17:05:51 30/09/2026
Arcane Shift,Spiritforged,Epic,#200/221,263,0.44,0.85,Available,17:05:51 30/09/2026
"Master Yi, Tempered",Unleashed,Rare,#113/219,738,0.05,0.17,Available,17:05:51 30/09/2026
Overzealous Fan,Spiritforged,Common,#128/221,1058,0.07,0.12,Available,17:05:51 30/09/2026
Fox-Fire,Origins,Epic,#256/298,115,2.1,3.19,Available,17:05:51 30/09/2026
Twilight Shroud,Vendetta,Common,#031/166,958,0.04,0.09,Available,17:05:51 30/09/2026
Gust Monk,Vendetta,Uncommon,#101/166,712,0.06,0.09,Available,17:05:51 30/09/2026
Spirit Wheel,Spiritforged,Rare,#144/221,734,0.04,0.17,Available,17:05:51 30/09/2026
The Ruination,Unleashed,Epic,#180/219,188,5.45,8.05,Available,17:05:51 30/09/2026
Grove of the God-Willow,Origins,Uncommon,#280/298,460,0.1,0.25,Available,17:05:51 30/09/2026
Rockfall Path,Spiritforged,Uncommon,#216/221,633,0.1,0.15,Available,17:05:51 30/09/2026
Skyfall of Areion,Spiritforged,Epic,#030/221,121,4.18,4.18,Available,17:05:51 30/09/2026
Sunken Temple,Spiritforged,Uncommon,#218/221,659,0.1,0.16,Available,17:05:51 30/09/2026
"Diana, Lunari",Unleashed,Rare,#079/219,765,0.05,0.25,Available,17:05:51 30/09/2026
Premonition,Spiritforged,Epic,#087/221,182,5.1,4.79,Available,17:05:51 30/09/2026
Card Sharp,Spiritforged,Rare,#081/221,480,0.2,0.25,Available,17:05:51 30/09/2026
Body Rune (Alternate Art),Origins,Showcase,#126a/298,144,2,3.16,Available,17:05:51 30/09/2026
Invert Timelines,Origins,Epic,#201/298,175,13.97,15.8,Available,17:05:51 30/09/2026
"Rek'Sai, Breacher",Spiritforged,Epic,#029/221,151,4.99,7.65,Available,17:05:51 30/09/2026
Mind Rune (Alternate Art),Origins,Showcase,#089a/298,134,4.59,4.64,Available,17:05:51 30/09/2026
Spectral Matron,Origins,Uncommon,#226/298,384,0.15,0.28,Available,17:05:51 30/09/2026
"Teemo, Scout",Origins,Rare,#197/298,271,0.42,0.44,Available,17:05:51 30/09/2026
Blue Sentinel,Unleashed,Epic,#087/219,62,2.45,3.05,Available,17:05:51 30/09/2026
Daisy!,Unleashed,Epic,#196/219,131,0.99,1.36,Available,17:05:51 30/09/2026
Shurelya's Requiem,Spiritforged,Epic,#192/221,311,0.14,0.49,Available,17:05:51 30/09/2026
Windswept Hillock,Origins,Uncommon,#297/298,402,0.25,0.27,Available,17:05:51 30/09/2026
Void Gate,Origins,Uncommon,#296/298,425,0.1,0.23,Available,17:05:51 30/09/2026
Downwell,Spiritforged,Epic,#147/221,152,3.2,4.13,Available,17:05:51 30/09/2026
Forgotten Monument,Spiritforged,Uncommon,#209/221,780,0.07,0.1,Available,17:05:51 30/09/2026
Tianna Crownguard,Spiritforged,Epic,#060/221,127,1.97,2.43,Available,17:05:51 30/09/2026
Sprite Call,Origins,Common,#094/298,922,0.02,0.15,Available,17:05:51 30/09/2026
Unsung Hero,Spiritforged,Uncommon,#167/221,774,0.1,0.15,Available,17:05:51 30/09/2026
Applied Researchers,Vendetta,Uncommon,#055/166,661,0.04,0.1,Available,17:05:51 30/09/2026
"Kai'Sa, Evolutionary",Origins,Rare,#112/298,298,0.34,0.39,Available,17:05:51 30/09/2026
Vilemaw,Unleashed,Epic,#060/219,157,13,18.97,Available,17:05:51 30/09/2026
Shock Blast,Vendetta,Uncommon,#059/166,720,0.05,0.1,Available,17:05:51 30/09/2026
Soulgorger,Origins,Rare,#196/298,287,0.3,0.35,Available,17:05:51 30/09/2026
"Ornn, Blacksmith",Spiritforged,Epic,#058/221,78,0.65,2.3,Available,17:05:51 30/09/2026
Guerilla Warfare,Origins,Epic,#264/298,153,3.4,3.92,Available,17:05:51 30/09/2026
Herald of Scales,Origins,Uncommon,#140/298,453,0.2,0.21,Available,17:05:51 30/09/2026
"Yuumi, Magical Cat",Unleashed,Rare,#056/219,649,0.15,0.2,Available,17:05:51 30/09/2026
Whiteflame Protector,Origins,Epic,#082/298,168,2.99,3.19,Available,17:05:51 30/09/2026
"Ivern, Friend to All",Unleashed,Epic,#177/219,87,0.89,1.4,Available,17:05:51 30/09/2026
Zaun Warrens,Origins,Uncommon,#298/298,482,0.1,0.24,Available,17:05:51 30/09/2026
Kadregrin the Infernal,Origins,Epic,#038/298,201,3.5,4.89,Available,17:05:51 30/09/2026
Flurry of Feathers,Unleashed,Uncommon,#044/219,585,0.09,0.16,Available,17:05:51 30/09/2026
Divining Shells,Unleashed,Uncommon,#161/219,700,0.07,0.14,Available,17:05:51 30/09/2026
Blood Money,Spiritforged,Uncommon,#162/221,851,0.1,0.14,Available,17:05:51 30/09/2026
"Ezreal, Prodigy (Alternate Art)",Spiritforged,Showcase,#149a/221,94,7,9.38,Available,17:05:51 30/09/2026
Safety Inspector,Unleashed,Uncommon,#164/219,448,0.13,0.17,Available,17:05:51 30/09/2026
Danger Zone,Spiritforged,Epic,#182/221,325,0.19,0.41,Available,17:05:51 30/09/2026
Blade of the Ruined King,Spiritforged,Epic,#178/221,44,3.52,5.25,Available,17:05:51 30/09/2026
Dragonsoul Sage,Unleashed,Common,#093/219,965,0.01,0.07,Available,17:05:51 30/09/2026
"Garen, Rugged",Origins: Proving Grounds,Rare,#007/024,84,0.09,0.7,Available,17:05:51 30/09/2026
Keeper's Verdict,Unleashed,Epic,#204/219,234,0.25,0.56,Available,17:05:51 30/09/2026
"Ornn, Forge God",Spiritforged,Rare,#085/221,552,0.19,0.3,Available,17:05:51 30/09/2026
Chakram Dancer,Unleashed,Uncommon,#071/219,922,0.05,0.1,Available,17:05:51 30/09/2026
Show of Strength,Spiritforged,Uncommon,#106/221,857,0.09,0.12,Available,17:05:51 30/09/2026
Windsinger,Spiritforged,Uncommon,#138/221,636,0.1,0.21,Available,17:05:51 30/09/2026
Order Rune (Alternate Art),Origins,Showcase,#214a/298,134,4,4.99,Available,17:05:51 30/09/2026
Rabadon's Deathcrown,Spiritforged,Epic,#191/221,381,0.14,0.37,Available,17:05:51 30/09/2026
"Rengar, Unseen",Unleashed,Rare,#024/219,352,0.15,0.3,Available,17:05:51 30/09/2026
"Teemo, Strategist",Origins,Epic,#121/298,135,2.5,3.37,Available,17:05:51 30/09/2026
Abandoned Hall,Unleashed,Uncommon,#205/219,756,0.08,0.13,Available,17:05:51 30/09/2026
Bullet Time,Origins,Epic,#268/298,201,1.8,2.49,Available,17:05:51 30/09/2026
"Miss Fortune, Buccaneer",Origins,Rare,#193/298,385,0.24,0.32,Available,17:05:51 30/09/2026
Emperor's Dais,Spiritforged,Uncommon,#207/221,767,0.07,0.17,Available,17:05:51 30/09/2026
Counter Strike,Spiritforged,Epic,#194/221,236,0.95,1.12,Available,17:05:51 30/09/2026
Grand Strategem,Origins,Rare,#233/298,374,0.25,0.4,Available,17:05:51 30/09/2026
Hand Hammer,Vendetta,Common,#027/166,933,0.03,0.1,Available,17:05:51 30/09/2026
Arachnoid Horror,Unleashed,Epic,#117/219,107,1.46,1.95,Available,17:05:51 30/09/2026
"Sett, Brawler",Origins,Epic,#164/298,180,4.98,6.71,Available,17:05:51 30/09/2026
Forgefire Cape,Spiritforged,Epic,#190/221,345,0.2,0.41,Available,17:05:51 30/09/2026
Stormbringer,Origins,Epic,#250/298,184,1.66,1.6,Available,17:05:51 30/09/2026
Sprite (274) // Buff,Origins,Common,#274/298,474,0.01,0.14,Available,17:05:51 30/09/2026
"Viktor, Leader",Origins,Epic,#246/298,144,1.93,2.18,Available,17:05:51 30/09/2026
"Akali, Deadly Weapon (Alternate Art)",Vendetta,Showcase,#021a/166,105,9,11.75,Available,17:05:51 30/09/2026
Rift Herald (Alternate Art),Unleashed,Showcase,#179a/219,38,15,16.61,Available,17:05:51 30/09/2026
"Akali, Silent (Alternate Art)",Vendetta,Showcase,#038a/166,149,9,9.54,Available,17:05:51 30/09/2026
"Vi, Hotheaded",Unleashed,Epic,#030/219,302,0.15,0.37,Available,17:05:51 30/09/2026
Hall of Legends,Spiritforged,Uncommon,#210/221,770,0.06,0.11,Available,17:05:51 30/09/2026
Possession,Origins,Epic,#203/298,176,0.7,0.88,Available,17:05:51 30/09/2026
Dragon Form,Vendetta,Common,#116/166,970,0.04,0.09,Available,17:05:51 30/09/2026
Hextech Gauntlets,Unleashed,Epic,#188/219,225,0.3,0.55,Available,17:05:51 30/09/2026
"Vex, Cheerless",Spiritforged,Rare,#146/221,539,0.13,0.34,Available,17:05:51 30/09/2026
Boneshiver,Spiritforged,Epic,#118/221,163,2.37,3.32,Available,17:05:51 30/09/2026
"Taric, Protector",Origins,Rare,#074/298,445,0.24,0.32,Available,17:05:51 30/09/2026
"Malzahar, Fanatic",Origins,Rare,#113/298,429,0.2,0.3,Available,17:05:51 30/09/2026
Vilemaw's Lair,Origins,Uncommon,#295/298,373,0.1,0.33,Available,17:05:51 30/09/2026
Red Brambleback,Unleashed,Epic,#029/219,113,0.6,0.99,Available,17:05:51 30/09/2026
Cloth Armor,Spiritforged,Common,#064/221,1203,0.01,0.07,Available,17:05:51 30/09/2026
Inviolus Vox,Unleashed,Epic,#027/219,163,0.24,0.53,Available,17:05:51 30/09/2026
Downstage Dramatics,Unleashed,Common,#061/219,1015,0.03,0.07,Available,17:05:51 30/09/2026
Dusk Rose Lab,Unleashed,Uncommon,#209/219,810,0.05,0.08,Available,17:05:51 30/09/2026
Heedless Resurrection,Unleashed,Rare,#142/219,338,0.2,0.39,Available,17:05:51 30/09/2026
Albus Ferros,Origins,Rare,#230/298,941,0.01,0.17,Available,17:05:51 30/09/2026
Confront,Origins,Common,#129/298,1228,0.05,0.09,Available,17:05:51 30/09/2026
Cursed Sarcophagus,Unleashed,Epic,#148/219,150,0.49,0.58,Available,17:05:51 30/09/2026
Last Breath,Origins,Epic,#260/298,168,1.46,1.48,Available,17:05:51 30/09/2026
Startipped Peak,Origins,Uncommon,#288/298,448,0.1,0.27,Available,17:05:51 30/09/2026
Elder Dragon (Alternate Art),Unleashed,Showcase,#118a/219,55,29.94,30.99,Available,17:05:51 30/09/2026
Divine Judgment,Origins,Epic,#244/298,180,3,3.43,Available,17:05:51 30/09/2026
"Mel, Newly Awakened (Alternate Art)",Vendetta,Showcase,#069a/166,167,2,2.88,Available,17:05:51 30/09/2026
"Swain, Visionary",Vendetta,Rare,#065/166,710,0.08,0.19,Available,17:05:51 30/09/2026
Desert's Call,Spiritforged,Common,#031/221,1103,0.01,0.08,Available,17:05:51 30/09/2026
"Diana, No Longer Human",Unleashed,Epic,#149/219,139,0.39,1.04,Available,17:05:51 30/09/2026
"Rumble, Scrapper",Spiritforged,Epic,#089/221,175,0.4,0.7,Available,17:05:51 30/09/2026
"Sett, Brawler",Vendetta,Showcase,#SP4/006,124,11,12.52,Available,17:05:51 30/09/2026
Sea Monkey,Spiritforged,Common,#098/221,1201,0.02,0.09,Available,17:05:51 30/09/2026
Icathian Rain,Origins,Epic,#248/298,114,1.49,3.02,Available,17:05:51 30/09/2026
Siphon Power,Origins,Epic,#266/298,176,0.99,1.13,Available,17:05:51 30/09/2026
Doran's Blade,Spiritforged,Common,#095/221,1232,0.01,0.1,Available,17:05:51 30/09/2026
"Miss Fortune, Buccaneer (Alternate Art)",Origins,Showcase,#193a/298,51,4.45,6.07,Available,17:05:51 30/09/2026
Sky Splitter,Origins,Common,#014/298,912,0.04,0.1,Available,17:05:51 30/09/2026
Dunebreaker,Spiritforged,Epic,#027/221,193,0.3,0.87,Available,17:05:51 30/09/2026
Showstopper,Origins,Epic,#270/298,227,3.5,4.55,Available,17:05:51 30/09/2026
The Candlelit Sanctum,Origins,Uncommon,#291/298,409,0.1,0.28,Available,17:05:51 30/09/2026
"Annie, Fiery",Origins: Proving Grounds,Epic,#001/024,34,0.49,1.95,Available,17:05:51 30/09/2026
Body Rune (R04b),Unleashed,Promo,#R04b,31,2.99,3.34,Available,17:05:51 30/09/2026
"Illaoi, Prophet of the Great Kraken (Top 8)",Riftbound Organized Play Promotional Cards,Promo,#109/166,55,2.24,2.28,Available,17:05:51 30/09/2026
"Leona, Determined (Alternate Art)",Origins,Showcase,#238a/298,87,3,3.19,Available,17:05:51 30/09/2026
"LeBlanc, Deceiver",Unleashed,Rare,#199/219,666,0.09,0.21,Available,17:05:51 30/09/2026
"Aphelios, Exalted",Spiritforged,Rare,#049/221,614,0.13,0.27,Available,17:05:51 30/09/2026
Super Mega Death Rocket!,Origins,Epic,#252/298,157,2.99,3.34,Available,17:05:51 30/09/2026
"Yasuo, Windrider",Origins,Epic,#205/298,155,0.99,1.33,Available,17:05:51 30/09/2026
"Jhin, Meticulous Killer",Unleashed,Epic,#089/219,102,1.77,1.73,Available,17:05:51 30/09/2026
"Ivern, Nurturer",Unleashed,Rare,#051/219,542,0.13,0.21,Available,17:05:51 30/09/2026
"Azir, Emperor of the Sands",Spiritforged,Rare,#197/221,634,0.1,0.21,Available,17:05:51 30/09/2026
Rage Amplifier,Vendetta,Rare,#018/166,641,0.07,0.19,Available,17:05:51 30/09/2026
"LeBlanc, Fragmented (Alternate Art)",Unleashed,Showcase,#172a/219,47,3.79,4.59,Available,17:05:51 30/09/2026
"Warwick, Hunter",Origins,Rare,#159/298,341,0.25,0.39,Available,17:05:51 30/09/2026
"Jinx, Demolitionist (Alternate Art)",Origins,Showcase,#030a/298,58,2.99,3.89,Available,17:05:51 30/09/2026
Lacerate,Vendetta,Uncommon,#127/166,774,0.07,0.09,Available,17:05:51 30/09/2026
Daring Poro,Origins,Common,#210/298,1232,0.04,0.11,Available,17:05:51 30/09/2026
Friendship,Unleashed,Uncommon,#046/219,610,0.1,0.18,Available,17:05:51 30/09/2026
Empowered // Gold,Vendetta,Common,#T01,259,0.05,0.13,Available,17:05:51 30/09/2026
"Morgana, Vindictive",Vendetta,Rare,#017/166,679,0.09,0.17,Available,17:05:51 30/09/2026
"Jayce, Brilliant Inventor (Alternate Art)",Vendetta,Epic,#068a/166,117,1.6,1.77,Available,17:05:51 30/09/2026
"Jax, Unmatched",Spiritforged,Rare,#054/221,657,0.04,0.25,Available,17:05:51 30/09/2026
"Kai'Sa, Survivor (Alternate Art)",Origins,Showcase,#039a/298,77,55,73.64,Available,17:05:51 30/09/2026
"Miss Fortune, Captain",Origins,Epic,#162/298,133,3,4.15,Available,17:05:51 30/09/2026
"Jayce, Defender of Tomorrow",Vendetta,Rare,#149/166,652,0.05,0.13,Available,17:05:51 30/09/2026
Gem Jammer,Spiritforged,Common,#007/221,1201,0.01,0.07,Available,17:05:51 30/09/2026
"LeBlanc, Everywhere At Once (Alternate Art)",Unleashed,Showcase,#090a/219,50,6.99,8.58,Available,17:05:51 30/09/2026
"Nasus, Guardian of Knowledge",Vendetta,Rare,#063/166,683,0.04,0.15,Available,17:05:51 30/09/2026
"Lee Sin, Ascetic (Alternate Art)",Origins,Showcase,#078a/298,65,4.5,5.12,Available,17:05:51 30/09/2026
"Sett, Brawler (Alternate Art)",Origins,Showcase,#164a/298,136,6,7.89,Available,17:05:51 30/09/2026
"Jinx, Loose Cannon",Origins,Rare,#251/298,473,0.23,0.28,Available,17:05:51 30/09/2026
Shadow Clone // Tentacle,Vendetta,Common,#T05,314,0.02,0.1,Available,17:05:51 30/09/2026
"Leona, Determined",Origins,Rare,#238/298,395,0.25,0.49,Available,17:05:51 30/09/2026
"Kog'Maw, Caustic",Origins,Rare,#190/298,437,0.11,0.29,Available,17:05:51 30/09/2026
Altar of Memories,Spiritforged,Rare,#169/221,743,0.02,0.18,Available,17:05:51 30/09/2026
Called Shot,Spiritforged,Common,#122/221,1182,0.01,0.05,Available,17:05:51 30/09/2026
"Fiora, Worthy",Spiritforged,Epic,#180/221,166,0.23,0.72,Available,17:05:51 30/09/2026
"Leona, Zealot",Origins,Epic,#079/298,175,1.5,1.97,Available,17:05:51 30/09/2026
Facebreaker,Origins,Uncommon,#220/298,790,0.1,0.19,Available,17:05:51 30/09/2026
"Sona, Harmonious",Vendetta,Showcase,#SP2/006,85,26,27.95,Available,17:05:51 30/09/2026
Body Rune,Riftbound Organized Play Promotional Cards,Promo,#126b/298,77,2.98,2.97,Available,17:05:51 30/09/2026
"Kai'Sa, Evolutionary (Alternate Art)",Origins,Showcase,#112a/298,29,3.94,3.78,Available,17:05:51 30/09/2026
Gentle Gemdragon,Unleashed,Uncommon,#104/219,914,0.05,0.11,Available,17:05:51 30/09/2026
"Leona, Zealot (Alternate Art)",Origins,Showcase,#079a/298,75,5.99,6.87,Available,17:05:51 30/09/2026
"Ahri, Inquisitive (Alternate Art)",Origins,Showcase,#119a/298,91,9.99,13.67,Available,17:05:51 30/09/2026
"Viktor, Herald of the Arcane",Origins,Rare,#265/298,441,0.25,0.33,Available,17:05:51 30/09/2026
Falling Comet,Origins,Common,#085/298,961,0.01,0.14,Available,17:05:51 30/09/2026
Twilight Reveler,Vendetta,Rare,#020/166,612,0.1,0.18,Available,17:05:51 30/09/2026
Ancient Henge,Spiritforged,Epic,#117/221,121,0.85,1.21,Available,17:05:51 30/09/2026
Trevor Snoozebottom,Unleashed,Uncommon,#048/219,913,0.04,0.1,Available,17:05:51 30/09/2026
Shakedown,Origins,Rare,#033/298,405,0.2,0.3,Available,17:05:51 30/09/2026
Minefield,Spiritforged,Uncommon,#212/221,844,0.07,0.13,Available,17:05:51 30/09/2026
Order Rune (R06b),Unleashed,Promo,#R06b,40,3.54,3.72,Available,17:05:51 30/09/2026
Recruit (271) // Buff,Origins,Common,#271/298,464,0.09,0.12,Available,17:05:51 30/09/2026
Machine Evangel,Origins,Rare,#239/298,441,0.18,0.27,Available,17:05:51 30/09/2026
"Diana, Scorn of the Moon",Unleashed,Rare,#197/219,666,0.1,0.24,Available,17:05:51 30/09/2026
"Kennen, Storm of Shuriken (Alternate Art)",Vendetta,Showcase,#113a/166,208,2.44,2.97,Available,17:05:51 30/09/2026
Bandle Tree,Origins,Uncommon,#278/298,591,0.1,0.24,Available,17:05:51 30/09/2026
"Ekko, Recurrent",Origins,Rare,#110/298,246,0.15,0.63,Available,17:05:51 30/09/2026
"Kai'Sa, Survivor",Vendetta,Showcase,#SP1/006,65,79.98,83.33,Available,17:05:51 30/09/2026
"Kennen, Keeper of Balance (Alternate Art)",Vendetta,Showcase,#135a/166,81,3.6,4.57,Available,17:05:51 30/09/2026
Rally the Troops,Spiritforged,Uncommon,#166/221,790,0.1,0.18,Available,17:05:51 30/09/2026
"Zilean, Time Mage",Unleashed,Rare,#086/219,491,0.15,0.18,Available,17:05:51 30/09/2026
Trusty Ramhound,Spiritforged,Common,#159/221,1157,0.02,0.1,Available,17:05:51 30/09/2026
"Dr. Mundo, Expert",Origins,Rare,#109/298,376,0.25,0.33,Available,17:05:51 30/09/2026
"Zed, From the Shadows (Alternate Art)",Vendetta,Showcase,#023a/166,175,1,2.06,Available,17:05:51 30/09/2026
Thwonk!,Spiritforged,Common,#040/221,1119,0.01,0.08,Available,17:05:51 30/09/2026
"Fiora, Worthy (Alternate Art)",Spiritforged,Showcase,#180a/221,56,3.89,6.53,Available,17:05:51 30/09/2026
"Renata Glasc, Mastermind",Spiritforged,Epic,#088/221,154,0.82,1.01,Available,17:05:51 30/09/2026
Commander Ledros,Origins,Rare,#231/298,455,0.09,0.21,Available,17:05:51 30/09/2026
"Master Yi, Unstoppable",Unleashed,Epic,#059/219,130,0.5,0.93,Available,17:05:51 30/09/2026
Dune Drake,Origins,Common,#131/298,1063,0.01,0.07,Available,17:05:51 30/09/2026
"Darius, Executioner",Origins,Epic,#243/298,215,0.68,0.8,Available,17:05:51 30/09/2026
"Tryndamere, Barbarian",Origins,Rare,#034/298,537,0.1,0.26,Available,17:05:51 30/09/2026
Mech // Recruit,Vendetta,Common,#T03,268,0.03,0.11,Available,17:05:51 30/09/2026
Sharkling,Unleashed,Common,#006/219,1016,0.02,0.07,Available,17:05:51 30/09/2026
Frigid Jewel,Unleashed,Uncommon,#074/219,663,0.08,0.13,Available,17:05:51 30/09/2026
Ultrasoft Poro,Unleashed,Common,#160/219,1015,0.03,0.1,Available,17:05:51 30/09/2026
Fortified Position,Origins,Uncommon,#279/298,601,0.1,0.15,Available,17:05:51 30/09/2026
"Lillia, Protector of Dreams (Alternate Art)",Unleashed,Showcase,#058a/219,34,3.49,7.89,Available,17:05:51 30/09/2026
"Ambessa, Respected and Feared (Alternate Art)",Vendetta,Showcase,#136a/166,181,2.33,2.3,Available,17:05:51 30/09/2026
Arena Bar,Origins,Common,#124/298,1016,0.03,0.12,Available,17:05:51 30/09/2026
"Jinx, Rebel",Origins,Epic,#202/298,100,1.99,2.91,Available,17:05:51 30/09/2026
Baron Nashor (Alternate Art),Unleashed,Showcase,#147a/219,32,22,27.88,Available,17:05:51 30/09/2026
"Kai'Sa, Daughter of the Void",Origins,Rare,#247/298,355,0.25,0.36,Available,17:05:51 30/09/2026
Veiled Temple,Spiritforged,Uncommon,#221/221,878,0.05,0.13,Available,17:05:51 30/09/2026
"Vex, Mocking",Unleashed,Rare,#055/219,596,0.1,0.2,Available,17:05:51 30/09/2026
Riptide Rex,Origins,Common,#092/298,964,0.04,0.12,Available,17:05:51 30/09/2026
Eager Apprentice,Origins,Common,#084/298,1172,0.01,0.08,Available,17:05:51 30/09/2026
Wind and Ghosts,Vendetta,Uncommon,#106/166,775,0.04,0.13,Available,17:05:51 30/09/2026
"Jinx, Demolitionist",Origins,Rare,#030/298,546,0.24,0.24,Available,17:05:51 30/09/2026
Cithria of Cloudfield,Origins,Uncommon,#139/298,992,0.02,0.13,Available,17:05:51 30/09/2026
Sprite Mother,Origins,Uncommon,#106/298,650,0.15,0.22,Available,17:05:51 30/09/2026
Sprite // Gold,Unleashed,None,#T07,168,0.06,0.13,Available,17:05:51 30/09/2026
Order Rune,Riftbound Organized Play Promotional Cards,Promo,#214b/298,78,3.28,3.19,Available,17:05:51 30/09/2026
"Nasus, Ascended (Alternate Art)",Vendetta,Showcase,#046a/166,164,1.7,1.98,Available,17:05:51 30/09/2026
"Poppy, Defender of the Meek",Unleashed,Epic,#178/219,182,0.25,0.49,Available,17:05:51 30/09/2026
Frozen Fortress,Unleashed,Uncommon,#212/219,838,0.05,0.08,Available,17:05:51 30/09/2026
"Mel, Defiant Soul (Alternate Art)",Vendetta,Showcase,#110a/166,112,0.98,1.19,Available,17:05:51 30/09/2026
"Volibear, Furious",Origins,Epic,#041/298,195,0.77,0.79,Available,17:05:51 30/09/2026
"Irelia, Blade Dancer",Spiritforged,Rare,#195/221,606,0.1,0.19,Available,17:05:51 30/09/2026
Double Trouble,Unleashed,Common,#032/219,1167,0.01,0.07,Available,17:05:51 30/09/2026
Ravenbloom Conservatory,Spiritforged,Uncommon,#215/221,744,0.1,0.13,Available,17:05:51 30/09/2026
Undying Legion,Unleashed,Rare,#025/219,777,0.01,0.19,Available,17:05:51 30/09/2026
Energy Conduit,Origins,Uncommon,#098/298,657,0.08,0.18,Available,17:05:51 30/09/2026
Isolate,Unleashed,Common,#124/219,1018,0.01,0.09,Available,17:05:51 30/09/2026
Ornn's Forge,Spiritforged,Uncommon,#213/221,877,0.07,0.12,Available,17:05:51 30/09/2026
Pakaa Cub,Origins,Common,#135/298,1119,0.01,0.08,Available,17:05:51 30/09/2026
"Ambessa, The Wolf (Alternate Art)",Vendetta,Showcase,#084a/166,124,1.4,1.74,Available,17:05:51 30/09/2026
Forgotten Signpost,Unleashed,Uncommon,#045/219,638,0.03,0.16,Available,17:05:51 30/09/2026
Order Rune (Vendetta),Riftbound Organized Play Promotional Cards,Common,#R06b,65,5.92,5.91,Available,17:05:51 30/09/2026
Last Stand,Origins,Rare,#069/298,478,0.15,0.29,Available,17:05:51 30/09/2026
"Nasus, Guardian of Knowledge (Alternate Art)",Vendetta,Showcase,#063a/166,164,1.01,1.12,Available,17:05:51 30/09/2026
World Atlas,Spiritforged,Rare,#086/221,735,0.01,0.19,Available,17:05:51 30/09/2026
Dragon's Rage,Origins,Epic,#258/298,221,0.65,0.95,Available,17:05:51 30/09/2026
Primal Strength,Origins,Rare,#154/298,404,0.24,0.38,Available,17:05:51 30/09/2026
Affectionate Poro,Vendetta,Common,#024/166,958,0.01,0.1,Available,17:05:51 30/09/2026
Body Rune (Vendetta),Riftbound Organized Play Promotional Cards,Common,#R04b,60,4.02,3.79,Available,17:05:51 30/09/2026
Calm Rune (R02b),Unleashed,Promo,#R02b,55,6.2,7.98,Available,17:05:51 30/09/2026
Direwing,Spiritforged,Common,#094/221,1160,0.02,0.08,Available,17:05:51 30/09/2026
Noxian Guillotine,Origins,Epic,#254/298,188,0.65,0.77,Available,17:05:51 30/09/2026
"Sivir, Mercenary",Spiritforged,Rare,#143/221,666,0.1,0.18,Available,17:05:51 30/09/2026
"Kha'Zix, Evolving Hunter",Unleashed,Epic,#119/219,161,0.41,0.56,Available,17:05:51 30/09/2026
"Diana, No Longer Human (Alternate Art)",Unleashed,Showcase,#149a/219,62,4.99,6.11,Available,17:05:51 30/09/2026
Fury Rune,Riftbound Organized Play Promotional Cards,Promo,#007b/298,64,3,3.13,Available,17:05:51 30/09/2026
"Renekton, Brute (Alternate Art)",Vendetta,Showcase,#092a/166,144,1.54,1.54,Available,17:05:51 30/09/2026
"Syndra, Transcendent",Unleashed,Rare,#146/219,521,0.08,0.25,Available,17:05:51 30/09/2026
Mystic Reversal,Origins,Epic,#080/298,205,0.75,1.06,Available,17:05:51 30/09/2026
"Renekton, Rage Fueled",Vendetta,Rare,#019/166,736,0.01,0.13,Available,17:05:51 30/09/2026
"Lillia, Bashful Bloom",Unleashed,Rare,#189/219,662,0.1,0.2,Available,17:05:51 30/09/2026
Shadows of the Past,Vendetta,Uncommon,#103/166,757,0.04,0.12,Available,17:05:51 30/09/2026
"Ahri, Inquisitive",Vendetta,Showcase,#SP3/006,117,69.99,73.68,Available,17:05:51 30/09/2026
"Azir, Sovereign (Alternate Art)",Spiritforged,Showcase,#177a/221,59,6.99,9.16,Available,17:05:51 30/09/2026
Orb of Regret,Origins,Common,#090/298,1327,0.01,0.14,Available,17:05:51 30/09/2026
"Lillia, Protector of Dreams",Unleashed,Epic,#058/219,186,0.37,0.58,Available,17:05:51 30/09/2026
Fury Rune (Vendetta),Riftbound Organized Play Promotional Cards,Common,#R01b,44,12.9,13.3,Available,17:05:51 30/09/2026
"Jax, Unrelenting",Spiritforged,Epic,#119/221,173,0.68,0.73,Available,17:05:51 30/09/2026
Sacred Shears,Spiritforged,Rare,#172/221,778,0.03,0.24,Available,17:05:51 30/09/2026
Calm Rune,Riftbound Organized Play Promotional Cards,Promo,#042b/298,76,3.83,3.8,Available,17:05:51 30/09/2026
"Lillia, Fae Fawn (Alternate Art)",Unleashed,Showcase,#082a/219,19,10.09,10.13,Available,17:05:51 30/09/2026
"Irelia, Graceful",Spiritforged,Rare,#141/221,736,0.1,0.2,Available,17:05:51 30/09/2026
Recruit the Vanguard,Origins: Proving Grounds,Uncommon,#015/024,111,0.48,0.87,Available,17:05:51 30/09/2026
"Lux, Crownguard",Vendetta,Showcase,#SP6/006,151,28,28.15,Available,17:05:51 30/09/2026
"Ahri, Alluring (Alternate Art)",Origins,Showcase,#066a/298,74,4.99,6.03,Available,17:05:51 30/09/2026
"Shen, Leader of the Kinkou Order (Alternate Art)",Vendetta,Showcase,#138a/166,130,1.94,1.84,Available,17:05:51 30/09/2026
Repair Specialist,Vendetta,Common,#076/166,826,0.01,0.09,Available,17:05:51 30/09/2026
"Irelia, Fervent (Alternate Art)",Spiritforged,Showcase,#057a/221,77,18,25.76,Available,17:05:51 30/09/2026
"Draven, Showboat",Origins,Rare,#028/298,415,0.2,0.28,Available,17:05:51 30/09/2026
Mind Rune (R03b),Unleashed,Promo,#R03b,44,6.95,6.89,Available,17:05:51 30/09/2026
"Ezreal, Dashing",Spiritforged,Rare,#082/221,731,0.1,0.24,Available,17:05:51 30/09/2026
"Lucian, Gunslinger",Spiritforged,Epic,#028/221,163,0.49,0.77,Available,17:05:51 30/09/2026
Bird // Brush,Riftbound Promotional Cards,None,#T02,46,1.24,1.38,Available,17:05:51 30/09/2026
Raging Firebrand,Origins,Rare,#031/298,560,0.14,0.24,Available,17:05:51 30/09/2026
"Draven, Audacious (Alternate Art)",Spiritforged,Showcase,#148a/221,132,1.65,1.96,Available,17:05:51 30/09/2026
Convergent Mutation,Origins,Rare,#108/298,843,0.06,0.17,Available,17:05:51 30/09/2026
Jagged Cutlass,Vendetta,Common,#073/166,947,0.01,0.08,Available,17:05:51 30/09/2026
Reflection // Gold,Unleashed,None,#T06,182,0.04,0.11,Available,17:05:51 30/09/2026
"Sett, Kingpin",Origins,Rare,#240/298,435,0.2,0.34,Available,17:05:51 30/09/2026
Rune Prison,Origins,Common,#050/298,943,0.04,0.12,Available,17:05:51 30/09/2026
"Draven, Audacious",Spiritforged,Epic,#148/221,247,0.85,1.19,Available,17:05:51 30/09/2026
Solari Sunhawk,Vendetta,Common,#122/166,821,0.04,0.11,Available,17:05:51 30/09/2026
Fury Rune (R01b),Unleashed,Promo,#R01b,56,5,6.28,Available,17:05:51 30/09/2026
"Pyke, Dockside Butcher (Alternate Art)",Unleashed,Showcase,#028a/219,63,12,18.69,Available,17:05:51 30/09/2026
"Teemo, Strategist (Alternate Art)",Origins,Showcase,#121a/298,99,4.99,5.79,Available,17:05:51 30/09/2026
The Syren,Origins,Uncommon,#184/298,586,0.1,0.19,Available,17:05:51 30/09/2026
"Yasuo, Windrider (Alternate Art)",Origins,Showcase,#205a/298,126,2.49,2.91,Available,17:05:51 30/09/2026
"Renekton, Rage Fueled (Alternate Art)",Vendetta,Rare,#019a/166,128,0.84,0.95,Available,17:05:51 30/09/2026
Frisky Hunter,Unleashed,Common,#033/219,993,0.01,0.06,Available,17:05:51 30/09/2026
Sinister Poro,Unleashed,Uncommon,#137/219,678,0.02,0.12,Available,17:05:51 30/09/2026
"Teemo, Scout (Alternate Art)",Origins,Showcase,#197a/298,118,5.99,13.15,Available,17:05:51 30/09/2026
"Miss Fortune, Bounty Hunter",Origins,Rare,#267/298,348,0.25,0.27,Available,17:05:51 30/09/2026
Mister Root,Unleashed,Common,#127/219,1023,0.01,0.08,Available,17:05:51 30/09/2026
Hextech Disc,Vendetta,Rare,#087/166,670,0.05,0.15,Available,17:05:51 30/09/2026
Trove Golem,Spiritforged,Rare,#174/221,692,0.1,0.23,Available,17:05:51 30/09/2026
Production Surge,Riftbound Organized Play Promotional Cards,Promo,#076/221,113,0.15,0.36,Available,17:05:51 30/09/2026
Vengeance,Origins,Uncommon,#229/298,662,0.14,0.19,Available,17:05:51 30/09/2026
Mind Rune,Riftbound Organized Play Promotional Cards,Promo,#089b/298,74,6.43,6.34,Available,17:05:51 30/09/2026
Overt Operation,Origins,Rare,#153/298,587,0.1,0.21,Available,17:05:51 30/09/2026
"Jinx, Rebel (Alternate Art)",Origins,Showcase,#202a/298,105,2.99,3.64,Available,17:05:51 30/09/2026
Blazing Scorcher,Origins,Common,#001/298,1163,0.01,0.05,Available,17:05:51 30/09/2026
"Ornn, Blacksmith (Alternate Art)",Spiritforged,Showcase,#058a/221,91,3.26,3.23,Available,17:05:51 30/09/2026
Noxian Demolitionist,Vendetta,Uncommon,#080/166,711,0.01,0.06,Available,17:05:51 30/09/2026
Chaos Rune (R05b),Unleashed,Promo,#R05b,59,7.98,9.56,Available,17:05:51 30/09/2026
"Ornn, Fire Below the Mountain",Spiritforged,Rare,#189/221,738,0.1,0.22,Available,17:05:51 30/09/2026
Mageseeker Warden,Origins,Rare,#070/298,518,0.15,0.25,Available,17:05:51 30/09/2026
Smite,Unleashed,Common,#007/219,1126,0.01,0.07,Available,17:05:51 30/09/2026
Fight or Flight,Origins,Common,#168/298,1137,0.01,0.09,Available,17:05:51 30/09/2026
Sandswept Tomb,Vendetta,Uncommon,#164/166,699,0.05,0.11,Available,17:05:51 30/09/2026
Chaos Rune (Vendetta),Riftbound Organized Play Promotional Cards,Common,#R05b,59,14.89,16.34,Available,17:05:51 30/09/2026
Carnivorous Snapvine,Origins,Rare,#149/298,418,0.01,0.27,Available,17:05:51 30/09/2026
Forecaster,Spiritforged,Common,#065/221,1246,0.01,0.07,Available,17:05:51 30/09/2026
Monastery of Hirana,Origins,Uncommon,#282/298,558,0.1,0.19,Available,17:05:51 30/09/2026
Tools of Empire,Vendetta,Common,#077/166,937,0.01,0.05,Available,17:05:51 30/09/2026
Crescent Strike,Unleashed,Uncommon,#072/219,982,0.04,0.14,Available,17:05:51 30/09/2026
"Ezreal, Prodigal Explorer",Spiritforged,Rare,#199/221,737,0.09,0.17,Available,17:05:51 30/09/2026
Shard of Undoing,Unleashed,Rare,#174/219,569,0.12,0.16,Available,17:05:51 30/09/2026
Ava Achiever,Origins,Rare,#107/298,549,0.09,0.23,Available,17:05:51 30/09/2026
"Rumble, Scrapper (Alternate Art)",Spiritforged,Showcase,#089a/221,83,1.49,2.07,Available,17:05:51 30/09/2026
Gemhand Hunter,Unleashed,Common,#094/219,1017,0.01,0.08,Available,17:05:51 30/09/2026
Recruit (272) // Buff,Origins,Common,#272/298,500,0.01,0.13,Available,17:05:51 30/09/2026
"Karma, Channeler",Origins,Rare,#235/298,435,0.15,0.33,Available,17:05:51 30/09/2026
Treasure Hoard,Spiritforged,Uncommon,#220/221,834,0.07,0.14,Available,17:05:51 30/09/2026
"Lucian, Merciless (Alternate Art)",Spiritforged,Showcase,#113a/221,128,2.79,3.67,Available,17:05:51 30/09/2026
Mind Rune (Vendetta),Riftbound Organized Play Promotional Cards,Common,#R03b,48,12.12,11.88,Available,17:05:51 30/09/2026
"Zed, Without a Sound (Alternate Art)",Vendetta,Showcase,#112a/166,116,3,3.42,Available,17:05:51 30/09/2026
Kinkou Monk,Origins,Uncommon,#141/298,648,0.08,0.2,Available,17:05:51 30/09/2026
Legion Marauder,Vendetta,Common,#074/166,935,0.01,0.07,Available,17:05:51 30/09/2026
Eclipse Dragon,Vendetta,Rare,#016/166,712,0.02,0.17,Available,17:05:51 30/09/2026
Demacian Diplomat,Unleashed,Common,#092/219,1179,0.01,0.04,Available,17:05:51 30/09/2026
Lotus Trap,Unleashed,Uncommon,#013/219,700,0.06,0.14,Available,17:05:51 30/09/2026
"Nasus, Curator of the Sands",Vendetta,Rare,#145/166,692,0.06,0.13,Available,17:05:51 30/09/2026
Ember Monk,Origins,Common,#167/298,938,0.01,0.12,Available,17:05:51 30/09/2026
"Lee Sin, Ascetic",Origins,Epic,#078/298,194,0.48,0.62,Available,17:05:51 30/09/2026
"Viktor, Innovator",Origins,Rare,#117/298,545,0.2,0.23,Available,17:05:51 30/09/2026
"Diana, Lunari (Alternate Art)",Unleashed,Showcase,#079a/219,68,4,6.16,Available,17:05:51 30/09/2026
Baron Pit // Gold,Unleashed,None,#T01,222,0.1,0.12,Available,17:05:51 30/09/2026
Resonating Strike,Vendetta,Uncommon,#034/166,770,0.02,0.14,Available,17:05:51 30/09/2026
Party Favors,Origins,Rare,#071/298,455,0.2,0.31,Available,17:05:51 30/09/2026
"Teemo, Swift Scout",Origins,Rare,#263/298,350,0.25,0.37,Available,17:05:51 30/09/2026
Black Flame Altar,Unleashed,Uncommon,#208/219,889,0.01,0.12,Available,17:05:51 30/09/2026
"Sett, The Boss",Origins,Rare,#269/298,469,0.15,0.3,Available,17:05:51 30/09/2026
"Rengar, Trophy Hunter (Alternate Art)",Unleashed,Showcase,#120a/219,53,38.25,42.09,Available,17:05:51 30/09/2026
"Poppy, Defender of the Meek (Alternate Art)",Unleashed,Showcase,#178a/219,73,1.86,2.21,Available,17:05:51 30/09/2026
"Vex, Apathetic (Alternate Art)",Unleashed,Showcase,#150a/219,42,19.49,25.04,Available,17:05:51 30/09/2026
Sudden Storm,Spiritforged,Uncommon,#017/221,881,0.06,0.14,Available,17:05:51 30/09/2026
"Sivir, Ambitious",Spiritforged,Epic,#120/221,237,0.25,0.39,Available,17:05:51 30/09/2026
Iron Ballista,Origins,Uncommon,#017/298,712,0.05,0.18,Available,17:05:51 30/09/2026
"Rek'sai, Void Burrower",Spiritforged,Rare,#187/221,730,0.1,0.18,Available,17:05:51 30/09/2026
"Renata Glasc, Mastermind (Alternate Art)",Spiritforged,Showcase,#088a/221,81,1.99,3.06,Available,17:05:51 30/09/2026
"Vi, Peacekeeper (Alternate Art)",Unleashed,Showcase,#176a/219,53,7.5,14.37,Available,17:05:51 30/09/2026
"Rengar, Pridestalker",Unleashed,Rare,#183/219,680,0.07,0.2,Available,17:05:51 30/09/2026
Frigid Touch,Spiritforged,Common,#066/221,1169,0.01,0.11,Available,17:05:51 30/09/2026
"Darius, Trifarian (Alternate Art)",Origins,Showcase,#027a/298,113,5.99,6.81,Available,17:05:51 30/09/2026
Forge of the Fluft,Spiritforged,Uncommon,#208/221,865,0.05,0.1,Available,17:05:51 30/09/2026
Long Sword (Top 8),Riftbound Organized Play Promotional Cards,Promo,#022/221,53,0.93,0.98,Available,17:05:51 30/09/2026
Maduli the Gatekeeper,Unleashed,Rare,#144/219,847,0.04,0.1,Available,17:05:51 30/09/2026
Morbid Return,Origins,Common,#170/298,1068,0.01,0.11,Available,17:05:51 30/09/2026
Hextech Anomaly,Spiritforged,Rare,#083/221,702,0.1,0.18,Available,17:05:51 30/09/2026
Vault Breaker,Unleashed,Common,#010/219,1164,0.01,0.09,Available,17:05:51 30/09/2026
Doran's Ring,Spiritforged,Common,#124/221,1301,0.01,0.08,Available,17:05:51 30/09/2026
Blue Sentinel (Alternate Art),Unleashed,Showcase,#087a/219,47,6,5.11,Available,17:05:51 30/09/2026
Calm Rune (Vendetta),Riftbound Organized Play Promotional Cards,Common,#R02b,67,8.28,7.56,Available,17:05:51 30/09/2026
Blind Fury,Origins,Rare,#025/298,608,0.1,0.24,Available,17:05:51 30/09/2026
"Pyke, Returned (Alternate Art)",Unleashed,Showcase,#145a/219,53,9.2,10.22,Available,17:05:51 30/09/2026
"Volibear, Imposing",Origins,Rare,#158/298,443,0.22,0.28,Available,17:05:51 30/09/2026
"Vi, Hotheaded (Alternate Art)",Unleashed,Showcase,#030a/219,33,2.51,5.12,Available,17:05:51 30/09/2026
"Shen, Scourge of Shadows (Alternate Art)",Vendetta,Showcase,#042a/166,188,0.59,0.91,Available,17:05:51 30/09/2026
Hextech Formula,Vendetta,Rare,#062/166,674,0.09,0.23,Available,17:05:51 30/09/2026
Noxian Drummer,Origins,Uncommon,#222/298,840,0.06,0.12,Available,17:05:51 30/09/2026
Pendulum Blade,Vendetta,Uncommon,#011/166,758,0.04,0.1,Available,17:05:51 30/09/2026
Sunlit Guardian,Origins,Common,#054/298,996,0.01,0.1,Available,17:05:51 30/09/2026
Mystic Poro,Origins,Common,#171/298,1122,0.03,0.11,Available,17:05:51 30/09/2026
Dropboarder,Spiritforged,Uncommon,#072/221,810,0.07,0.16,Available,17:05:51 30/09/2026
"Fiora, Grand Duelist",Spiritforged,Rare,#205/221,762,0.09,0.16,Available,17:05:51 30/09/2026
"Sivir, Ambitious (Alternate Art)",Spiritforged,Showcase,#120a/221,116,1.17,1.4,Available,17:05:51 30/09/2026
Iterative Design,Vendetta,Common,#051/166,1002,0.01,0.06,Available,17:05:51 30/09/2026
"Master Yi, Tempered (Alternate Art)",Unleashed,Showcase,#113a/219,74,2.85,2.9,Available,17:05:51 30/09/2026
"Jhin, Meticulous Killer (Alternate Art)",Unleashed,Showcase,#089a/219,83,3.51,4.06,Available,17:05:51 30/09/2026
Flame Chompers,Origins,Common,#006/298,1130,0.01,0.08,Available,17:05:51 30/09/2026
Minotaur Reckoner,Spiritforged,Uncommon,#014/221,866,0.05,0.12,Available,17:05:51 30/09/2026
"Kayn, Unleashed",Origins,Rare,#189/298,431,0.24,0.26,Available,17:05:51 30/09/2026
Kraken Hunter,Origins,Rare,#150/298,555,0.08,0.19,Available,17:05:51 30/09/2026
"Yasuo, Remorseful (Alternate Art)",Origins,Showcase,#076a/298,125,2.15,2.38,Available,17:05:51 30/09/2026
Otterpus,Vendetta,Common,#053/166,1012,0.01,0.1,Available,17:05:51 30/09/2026
Eager Drakehound,Spiritforged,Common,#006/221,1195,0.01,0.06,Available,17:05:51 30/09/2026
"Kha'Zix, Voidreaver",Unleashed,Rare,#201/219,758,0.09,0.14,Available,17:05:51 30/09/2026
"Zed, Master of Shadows",Vendetta,Rare,#143/166,727,0.03,0.13,Available,17:05:51 30/09/2026
Clash of Giants,Unleashed,Rare,#110/219,866,0.01,0.2,Available,17:05:51 30/09/2026
"Vex, Gloomist",Unleashed,Rare,#193/219,784,0.06,0.22,Available,17:05:51 30/09/2026
"Volibear, Imposing (Alternate Art)",Origins,Showcase,#158a/298,133,0.75,0.93,Available,17:05:51 30/09/2026
"Lucian, Purifier",Spiritforged,Rare,#183/221,785,0.1,0.21,Available,17:05:51 30/09/2026
"Fiora, Peerless (Alternate Art)",Spiritforged,Showcase,#110a/221,81,2.99,3.11,Available,17:05:51 30/09/2026
"Leona, Radiant Dawn",Origins,Rare,#261/298,397,0.25,0.35,Available,17:05:51 30/09/2026
Risen Altar,Vendetta,Uncommon,#163/166,748,0.05,0.1,Available,17:05:51 30/09/2026
Concentrate,Unleashed,Common,#091/219,1000,0.01,0.07,Available,17:05:51 30/09/2026
Vilemaw (Alternate Art),Unleashed,Showcase,#060a/219,109,16.88,22.61,Available,17:05:51 30/09/2026
"Yasuo, Remorseful",Origins,Rare,#076/298,364,0.2,0.3,Available,17:05:51 30/09/2026
The Papertree,Spiritforged,Uncommon,#219/221,793,0.05,0.13,Available,17:05:51 30/09/2026
Valley of Idols,Unleashed,Uncommon,#218/219,898,0.02,0.09,Available,17:05:51 30/09/2026
Heroic Charge,Unleashed,Common,#155/219,1012,0.01,0.08,Available,17:05:51 30/09/2026
"Jayce, Hammer in Hand (Alternate Art)",Vendetta,Showcase,#088a/166,162,1.07,1.07,Available,17:05:51 30/09/2026
Loyal Poro,Unleashed,Common,#156/219,1052,0.03,0.06,Available,17:05:51 30/09/2026
"Viktor, Leader (Alternate Art)",Origins,Showcase,#246a/298,117,3.07,2.74,Available,17:05:51 30/09/2026
Wraith of Echoes,Origins,Rare,#118/298,643,0.1,0.22,Available,17:05:51 30/09/2026
Noxus Saboteur,Origins,Uncommon,#018/298,788,0.04,0.15,Available,17:05:51 30/09/2026
Tricksy Tentacles,Unleashed,Rare,#054/219,565,0.1,0.27,Available,17:05:51 30/09/2026
Bushwhack,Spiritforged,Common,#004/221,1181,0.02,0.07,Available,17:05:51 30/09/2026
"Darius, Executioner (Alternate Art)",Origins,Showcase,#243a/298,131,1.5,2.35,Available,17:05:51 30/09/2026
"Master Yi, Unstoppable (Alternate Art)",Unleashed,Showcase,#059a/219,66,3,3.22,Available,17:05:51 30/09/2026
Solari Shrine,Origins,Rare,#072/298,906,0.05,0.17,Available,17:05:51 30/09/2026
Legion Rearguard,Origins,Common,#010/298,1133,0.01,0.13,Available,17:05:51 30/09/2026
"Nilah, Joyful Ascetic",Unleashed,Rare,#115/219,514,0.15,0.22,Available,17:05:51 30/09/2026
"Udyr, Wildman",Origins,Rare,#157/298,581,0.2,0.26,Available,17:05:51 30/09/2026
"Sivir, Mercenary (Alternate Art)",Spiritforged,Showcase,#143a/221,134,0.99,1.14,Available,17:05:51 30/09/2026
Petal Pixie,Unleashed,Uncommon,#076/219,683,0.06,0.11,Available,17:05:51 30/09/2026
Red Brambleback (Alternate Art),Unleashed,Showcase,#029a/219,82,2,2.56,Available,17:05:51 30/09/2026
Apprentice Mage,Vendetta,Common,#047/166,969,0.01,0.04,Available,17:05:51 30/09/2026
Blastcone Fae,Origins,Uncommon,#097/298,681,0.09,0.15,Available,17:05:51 30/09/2026
Warmog's Armor,Spiritforged,Uncommon,#108/221,910,0.01,0.09,Available,17:05:51 30/09/2026
Guttural Roar,Vendetta,Common,#072/166,995,0.01,0.06,Available,17:05:51 30/09/2026
"Yasuo, Unforgiven",Origins,Rare,#259/298,454,0.15,0.25,Available,17:05:51 30/09/2026
Chaos Rune,Riftbound Organized Play Promotional Cards,Promo,#166b/298,79,5.21,5.96,Available,17:05:51 30/09/2026
Aurok General,Vendetta,Rare,#130/166,713,0.01,0.1,Available,17:05:51 30/09/2026
Cemetery Attendant,Origins,Common,#165/298,1174,0.01,0.07,Available,17:05:51 30/09/2026
Assembly Rig,Spiritforged,Rare,#019/221,862,0.07,0.16,Available,17:05:51 30/09/2026
"Sett, Kingpin (Alternate Art)",Origins,Showcase,#240a/298,131,0.99,1.28,Available,17:05:51 30/09/2026
"Volibear, Furious (Alternate Art)",Origins,Showcase,#041a/298,120,2.2,2.63,Available,17:05:51 30/09/2026
Amateur Recital,Unleashed,Uncommon,#207/219,877,0.03,0.08,Available,17:05:51 30/09/2026
Blood Rose,Unleashed,Rare,#109/219,804,0.01,0.18,Available,17:05:51 30/09/2026
Wuju Apprentice,Unleashed,Common,#040/219,1042,0.01,0.07,Available,17:05:51 30/09/2026
Keeper of Masks,Unleashed,Rare,#081/219,539,0.09,0.15,Available,17:05:51 30/09/2026
"Irelia, Graceful (Alternate Art)",Spiritforged,Showcase,#141a/221,89,1.76,1.7,Available,17:05:51 30/09/2026
Reinforce,Origins,Uncommon,#062/298,798,0.04,0.12,Available,17:05:51 30/09/2026
Punching Poro,Vendetta,Common,#007/166,970,0.01,0.06,Available,17:05:51 30/09/2026
Apprentice Smith,Spiritforged,Uncommon,#041/221,927,0.01,0.1,Available,17:05:51 30/09/2026
"Volibear, Relentless Storm",Origins,Rare,#249/298,489,0.2,0.32,Available,17:05:51 30/09/2026
"Lux, Crownguard",Origins: Proving Grounds,Epic,#014/024,71,1.9,3.53,Available,17:05:51 30/09/2026
"Sivir, Battle Mistress",Spiritforged,Rare,#203/221,770,0.1,0.23,Available,17:05:51 30/09/2026
Portal Rescue,Origins,Uncommon,#102/298,665,0.06,0.17,Available,17:05:51 30/09/2026
Sumpworks Map,Unleashed,Rare,#085/219,789,0.01,0.17,Available,17:05:51 30/09/2026
Mistfall,Origins,Rare,#152/298,960,0.01,0.14,Available,17:05:51 30/09/2026
"Poppy, Paragon (Alternate Art)",Unleashed,Showcase,#116a/219,53,1,1.58,Available,17:05:51 30/09/2026
"Jax, Unrelenting (Alternate Art)",Spiritforged,Showcase,#119a/221,114,0.59,1.28,Available,17:05:51 30/09/2026
"Ivern, Friend to All (Alternate Art)",Unleashed,Showcase,#177a/219,53,1.58,2.62,Available,17:05:51 30/09/2026
Skyward Strike,Unleashed,Common,#038/219,1026,0.01,0.09,Available,17:05:51 30/09/2026
"Rell, Magnetic",Spiritforged,Rare,#024/221,696,0.02,0.18,Available,17:05:51 30/09/2026
Blast Cone,Unleashed,Uncommon,#133/219,1015,0.01,0.08,Available,17:05:51 30/09/2026
Mesmerize,Vendetta,Common,#052/166,833,0.01,0.08,Available,17:05:51 30/09/2026
Ravenborn Tome,Origins,Rare,#032/298,856,0.05,0.16,Available,17:05:51 30/09/2026
Threshold of the Gray,Vendetta,Uncommon,#166/166,718,0.03,0.07,Available,17:05:51 30/09/2026
"Jhin, Murderous Artist (Alternate Art)",Unleashed,Showcase,#022a/219,93,4.99,7.07,Available,17:05:51 30/09/2026
Cannon Barrage,Origins,Common,#127/298,1096,0.01,0.1,Available,17:05:51 30/09/2026
"Azir, Ascendant",Spiritforged,Rare,#050/221,668,0.1,0.2,Available,17:05:51 30/09/2026
"Ivern, Green Father",Unleashed,Rare,#195/219,733,0.09,0.18,Available,17:05:51 30/09/2026
Angle Shot,Spiritforged,Uncommon,#011/221,950,0.02,0.08,Available,17:05:51 30/09/2026
Back-Alley Bar,Origins,Uncommon,#277/298,644,0.1,0.17,Available,17:05:51 30/09/2026
Solari Shieldbearer,Origins,Common,#051/298,1034,0.01,0.1,Available,17:05:51 30/09/2026
"Viktor, Innovator (Alternate Art)",Origins,Showcase,#117a/298,116,1.15,1.24,Available,17:05:51 30/09/2026
Gold // Buff,Spiritforged,Common,#T03,430,0.09,0.14,Available,17:05:51 30/09/2026
"Allay, Eager Admirer",Unleashed,Uncommon,#041/219,698,0.04,0.12,Available,17:05:51 30/09/2026
"Lee Sin, Centered",Origins,Rare,#151/298,627,0.1,0.23,Available,17:05:51 30/09/2026
"Vex, Mocking (Alternate Art)",Unleashed,Showcase,#055a/219,50,2.24,2.24,Available,17:05:51 30/09/2026
Feral Strength,Spiritforged,Common,#034/221,1193,0.02,0.09,Available,17:05:51 30/09/2026
"Lee Sin, Centered (Alternate Art)",Origins,Showcase,#151a/298,138,1.24,1.25,Available,17:05:51 30/09/2026
The Grand Plaza,Origins,Uncommon,#293/298,748,0.07,0.13,Available,17:05:51 30/09/2026
Disintegrate,Origins,Common,#005/298,1102,0.01,0.06,Available,17:05:51 30/09/2026
"Shen, Scourge of Shadows",Vendetta,Rare,#042/166,749,0.03,0.1,Available,17:05:51 30/09/2026
Cull,Spiritforged,Uncommon,#134/221,968,0.01,0.11,Available,17:05:51 30/09/2026
Soul Shepherd,Unleashed,Uncommon,#077/219,715,0.07,0.14,Available,17:05:51 30/09/2026
Sanction,Vendetta,Uncommon,#035/166,791,0.03,0.09,Available,17:05:51 30/09/2026
"Renata Glasc, Industrialist (Alternate Art)",Spiritforged,Showcase,#171a/221,120,1.15,1.2,Available,17:05:51 30/09/2026
"Kha'Zix, Mutating Horror (Alternate Art)",Unleashed,Showcase,#143a/219,77,4.99,7.69,Available,17:05:51 30/09/2026
Upstage Comedy,Unleashed,Common,#009/219,1041,0.01,0.07,Available,17:05:51 30/09/2026
"Ivern, Nurturer (Alternate Art)",Unleashed,Showcase,#051a/219,55,1,2.44,Available,17:05:51 30/09/2026
Bird // Buff,Unleashed,None,#T02,218,0.05,0.08,Available,17:05:51 30/09/2026
Hallowed Tomb,Origins,Uncommon,#281/298,690,0.1,0.17,Available,17:05:51 30/09/2026
Ruthless Strike,Vendetta,Common,#008/166,985,0.01,0.08,Available,17:05:51 30/09/2026
"Lucian, Gunslinger (Alternate Art)",Spiritforged,Showcase,#028a/221,118,0.99,1.37,Available,17:05:51 30/09/2026
"Jax, Unmatched (Alternate Art)",Spiritforged,Showcase,#054a/221,132,1.25,1.25,Available,17:05:51 30/09/2026
Recurve Bow,Spiritforged,Uncommon,#016/221,977,0.03,0.14,Available,17:05:51 30/09/2026
Dancing Grenade,Unleashed,Rare,#020/219,603,0.04,0.21,Available,17:05:51 30/09/2026
Minah Swiftfoot,Vendetta,Rare,#111/166,705,0.02,0.11,Available,17:05:51 30/09/2026
Serrated Dirk,Spiritforged,Common,#009/221,1272,0.01,0.07,Available,17:05:51 30/09/2026
"Draven, Vanquisher (Alternate Art)",Spiritforged,Showcase,#020a/221,176,0.59,1.7,Available,17:05:51 30/09/2026
Wild Claw,Vendetta,Rare,#089/166,729,0.01,0.13,Available,17:05:51 30/09/2026
"Heisho, Shell of the World",Vendetta,Uncommon,#158/166,577,0.02,0.1,Available,17:05:51 30/09/2026
Factory Recall,Spiritforged,Uncommon,#135/221,869,0.01,0.09,Available,17:05:51 30/09/2026
"Draven, Glorious Executioner",Spiritforged,Rare,#185/221,785,0.05,0.22,Available,17:05:51 30/09/2026
Battering Ram,Spiritforged,Uncommon,#012/221,835,0.1,0.13,Available,17:05:51 30/09/2026
"Rek'Sai, Breacher (Alternate Art)",Spiritforged,Showcase,#029a/221,134,5,8.57,Available,17:05:51 30/09/2026
Reckoner's Arena,Origins,Uncommon,#286/298,726,0.1,0.14,Available,17:05:51 30/09/2026
"Ezreal, Dashing (Alternate Art)",Spiritforged,Showcase,#082a/221,127,0.6,1.17,Available,17:05:51 30/09/2026
Eclipse Herald,Origins,Uncommon,#059/298,762,0.02,0.1,Available,17:05:51 30/09/2026
Dragon Roost,Vendetta,Uncommon,#157/166,562,0.02,0.12,Available,17:05:51 30/09/2026
Spoils of War,Origins,Uncommon,#144/298,747,0.07,0.15,Available,17:05:51 30/09/2026
"Ambessa, Matriarch of War",Vendetta,Rare,#153/166,684,0.04,0.1,Available,17:05:51 30/09/2026
Mushroom Pouch,Origins,Uncommon,#101/298,853,0.04,0.15,Available,17:05:51 30/09/2026
Chemtech Enforcer,Origins,Common,#003/298,1450,0.01,0.04,Available,17:05:51 30/09/2026
"Darius, Hand of Noxus",Riftbound Organized Play Promotional Cards,Promo,#253/298,3,14.99,19.3,Available,17:05:51 30/09/2026
Fae Dragon,Spiritforged,Uncommon,#101/221,964,0.01,0.1,Available,17:05:51 30/09/2026
"Mel, Soul's Reflection",Vendetta,Rare,#151/166,691,0.03,0.16,Available,17:05:51 30/09/2026
Bird // Gold,Unleashed,None,#T02,204,0.06,0.11,Available,17:05:51 30/09/2026
"Lee Sin, Centered",Riftbound Organized Play Promotional Cards,Rare,#151b/298,42,40,50.73,Available,17:05:51 30/09/2026
Soul Harvest,Unleashed,Common,#159/219,1158,0.01,0.07,Available,17:05:51 30/09/2026
"Ornn, Forge God (Alternate Art)",Spiritforged,Showcase,#085a/221,107,1.5,2.2,Available,17:05:51 30/09/2026
Voracious Gromp,Unleashed,Common,#100/219,1172,0.01,0.07,Available,17:05:51 30/09/2026
Ol' Poro,Riftbound Organized Play Promotional Cards,Common,#029/166,74,0.5,0.99,Available,17:05:51 30/09/2026
Power Nexus,Spiritforged,Uncommon,#214/221,924,0.02,0.11,Available,17:05:51 30/09/2026
Arena Kingpin,Unleashed,Common,#001/219,1078,0.01,0.07,Available,17:05:51 30/09/2026
"Rumble, Hotheaded (Alternate Art)",Spiritforged,Showcase,#026a/221,157,0.65,1.17,Available,17:05:51 30/09/2026
Keeper of Law,Vendetta,Common,#119/166,955,0.02,0.05,Available,17:05:51 30/09/2026
Spectral Centaur,Unleashed,Common,#068/219,1023,0.01,0.06,Available,17:05:51 30/09/2026
"Draven, Vanquisher",Spiritforged,Rare,#020/221,739,0.03,0.21,Available,17:05:51 30/09/2026
Towering Combatant,Unleashed,Common,#099/219,1048,0.01,0.04,Available,17:05:51 30/09/2026
"Pyke, Bloodharbor Ripper",Unleashed,Rare,#185/219,760,0.08,0.18,Available,17:05:51 30/09/2026
Trifarian Gloryseeker,Origins,Common,#217/298,1076,0.01,0.04,Available,17:05:51 30/09/2026
Magma Wurm,Origins,Common,#011/298,1123,0.01,0.03,Available,17:05:51 30/09/2026
Bubble Bot,Spiritforged,Common,#062/221,1198,0.01,0.09,Available,17:05:51 30/09/2026
Hunter's Machete,Unleashed,Common,#096/219,1030,0.01,0.05,Available,17:05:51 30/09/2026
Determined Sentry,Unleashed,Rare,#111/219,384,0.19,0.25,Available,17:05:51 30/09/2026
Maddened Marauder,Origins,Rare,#191/298,787,0.1,0.15,Available,17:05:51 30/09/2026
King's Edict,Origins,Rare,#237/298,569,0.1,0.22,Available,17:05:51 30/09/2026
"Rek'Sai, Swarm Queen (Alternate Art)",Spiritforged,Showcase,#170a/221,160,0.92,0.77,Available,17:05:51 30/09/2026
Sprite // Buff,Unleashed,None,#T07,194,0.05,0.11,Available,17:05:51 30/09/2026
Unlicensed Armory,Origins,Uncommon,#023/298,697,0.08,0.14,Available,17:05:51 30/09/2026
Guardian of the Passage,Spiritforged,Common,#035/221,1203,0.01,0.07,Available,17:05:51 30/09/2026
Questionable Tome,Vendetta,Common,#054/166,1000,0.01,0.08,Available,17:05:51 30/09/2026
"Rengar, Unseen (Alternate Art)",Unleashed,Showcase,#024a/219,88,2.49,2.56,Available,17:05:51 30/09/2026
"Jax, Grandmaster At Arms",Spiritforged,Rare,#193/221,780,0.07,0.23,Available,17:05:51 30/09/2026
Marching Orders,Spiritforged,Rare,#114/221,829,0.1,0.18,Available,17:05:51 30/09/2026
"Renata Glasc, Chem-Baroness",Spiritforged,Rare,#201/221,797,0.1,0.18,Available,17:05:51 30/09/2026
Iascylla,Unleashed,Rare,#050/219,663,0.01,0.16,Available,17:05:51 30/09/2026
Shadowblade Lurker,Vendetta,Common,#096/166,945,0.01,0.05,Available,17:05:51 30/09/2026
Hexdrinker,Spiritforged,Uncommon,#102/221,968,0.03,0.09,Available,17:05:51 30/09/2026
Mountain Drake,Origins,Uncommon,#142/298,824,0.04,0.09,Available,17:05:51 30/09/2026
Solari Chief,Origins,Uncommon,#225/298,744,0.09,0.14,Available,17:05:51 30/09/2026
Herald of Spring,Unleashed,Common,#034/219,1171,0.01,0.06,Available,17:05:51 30/09/2026
Back to Back,Origins,Common,#206/298,1138,0.01,0.07,Available,17:05:51 30/09/2026
Twilight Step,Vendetta,Uncommon,#105/166,858,0.02,0.08,Available,17:05:51 30/09/2026
Get Excited!,Origins,Common,#008/298,1108,0.01,0.06,Available,17:05:51 30/09/2026
"Lee Sin, Blind Monk",Origins,Rare,#257/298,666,0.08,0.19,Available,17:05:51 30/09/2026
Shadow Watcher,Unleashed,Common,#037/219,1047,0.01,0.05,Available,17:05:51 30/09/2026
Stargazer,Vendetta,Common,#098/166,969,0.01,0.05,Available,17:05:51 30/09/2026
Chemtech Cask,Spiritforged,Common,#063/221,1264,0.01,0.06,Available,17:05:51 30/09/2026
Poro Herder,Origins,Uncommon,#061/298,746,0.08,0.16,Available,17:05:51 30/09/2026
Stormclaw Ursine,Origins,Common,#137/298,1172,0.01,0.03,Available,17:05:51 30/09/2026
Symbol of the Solari,Origins,Uncommon,#227/298,838,0.03,0.13,Available,17:05:51 30/09/2026
Shadow Temple,Vendetta,Uncommon,#165/166,752,0.02,0.09,Available,17:05:51 30/09/2026
Evershade Stalker,Unleashed,Common,#123/219,1009,0.01,0.07,Available,17:05:51 30/09/2026
Beast Below,Spiritforged,Uncommon,#132/221,874,0.04,0.11,Available,17:05:51 30/09/2026
Fresh Beans,Unleashed,Uncommon,#011/219,991,0.01,0.09,Available,17:05:51 30/09/2026
Stand United,Origins,Common,#053/298,1139,0.01,0.06,Available,17:05:51 30/09/2026
Stalking Wolf,Unleashed,Uncommon,#166/219,980,0.03,0.06,Available,17:05:51 30/09/2026
Final Spark,Origins: Proving Grounds,Epic,#022/024,132,0.25,0.88,Available,17:05:51 30/09/2026
Strike Down,Spiritforged,Uncommon,#107/221,999,0.04,0.04,Available,17:05:51 30/09/2026
"Jhin, Virtuoso",Unleashed,Rare,#181/219,740,0.08,0.16,Available,17:05:51 30/09/2026
"Azir, Ascendant (Alternate Art)",Spiritforged,Showcase,#050a/221,158,0.5,0.85,Available,17:05:51 30/09/2026
Experimental Hexplate,Spiritforged,Uncommon,#073/221,976,0.01,0.11,Available,17:05:51 30/09/2026
Mystic Vortex,Vendetta,Uncommon,#160/166,696,0.04,0.07,Available,17:05:51 30/09/2026
Forgotten Library,Unleashed,Uncommon,#211/219,923,0.01,0.08,Available,17:05:51 30/09/2026
Spirit's Refuge,Origins,Uncommon,#063/298,715,0.08,0.14,Available,17:05:51 30/09/2026
Stare Down,Unleashed,Uncommon,#107/219,758,0.05,0.15,Available,17:05:51 30/09/2026
Towering Pairofant,Unleashed,Common,#008/219,1155,0.01,0.03,Available,17:05:51 30/09/2026
"Kha'Zix, Evolving Hunter (Alternate Art)",Unleashed,Showcase,#119a/219,102,1.73,2.07,Available,17:05:51 30/09/2026
Shadow Fiend,Vendetta,Uncommon,#014/166,792,0.01,0.06,Available,17:05:51 30/09/2026
Mech // Buff,Spiritforged,Common,#T01,488,0.01,0.12,Available,17:05:51 30/09/2026
"Master Yi, Wuju Bladesman (Starter)",Origins: Proving Grounds,Rare,#019/024,44,14.99,20.54,Available,17:05:51 30/09/2026
Bonds of Strength,Spiritforged,Common,#151/221,1278,0.01,0.08,Available,17:05:51 30/09/2026
Gardens of Becoming,Unleashed,Uncommon,#213/219,951,0.01,0.07,Available,17:05:51 30/09/2026
Scrapheap,Origins,Uncommon,#182/298,725,0.08,0.13,Available,17:05:51 30/09/2026
Combat Experience,Unleashed,Common,#031/219,1194,0.01,0.05,Available,17:05:51 30/09/2026
"Annie, Stubborn",Origins: Proving Grounds,Rare,#010/024,105,2.44,3.12,Available,17:05:51 30/09/2026
Pirate's Haven,Origins,Uncommon,#143/298,762,0.07,0.15,Available,17:05:51 30/09/2026
Whirlwind,Origins,Uncommon,#187/298,820,0.07,0.15,Available,17:05:51 30/09/2026
Starhound,Unleashed,Uncommon,#167/219,738,0.06,0.13,Available,17:05:51 30/09/2026
Consuming Curse,Vendetta,Uncommon,#010/166,815,0.02,0.1,Available,17:05:51 30/09/2026
"Riven, Shattered (Overnumbered)",Vendetta,Showcase,#171/166,11,139.98,81.31,Available,17:05:51 30/09/2026
Altar of Blood,Unleashed,Uncommon,#206/219,919,0.01,0.08,Available,17:05:51 30/09/2026
Navori Fighting Pit,Origins,Uncommon,#283/298,748,0.04,0.13,Available,17:05:51 30/09/2026
Dramatic Visionary,Unleashed,Common,#062/219,1053,0.01,0.06,Available,17:05:51 30/09/2026
Enthralling Protector,Unleashed,Uncommon,#162/219,982,0.01,0.06,Available,17:05:51 30/09/2026
Crimson Pigeons,Unleashed,Common,#154/219,1021,0.01,0.05,Available,17:05:51 30/09/2026
Cruel Patron,Origins,Common,#208/298,1131,0.01,0.04,Available,17:05:51 30/09/2026
Prepared Neophyte,Unleashed,Common,#004/219,1044,0.01,0.05,Available,17:05:51 30/09/2026
"Xerath, Freed",Unleashed,Rare,#026/219,622,0.1,0.16,Available,17:05:51 30/09/2026
Wielder of Water,Origins,Common,#055/298,1192,0.01,0.06,Available,17:05:51 30/09/2026
Vaults of Helia,Unleashed,Uncommon,#219/219,935,0.01,0.07,Available,17:05:51 30/09/2026
Tibbers,Origins: Proving Grounds,Epic,#018/024,102,0.2,0.63,Available,17:05:51 30/09/2026
Legion Quartermaster,Spiritforged,Uncommon,#044/221,945,0.01,0.07,Available,17:05:51 30/09/2026
"Kayle, Justified (Top 8)",Riftbound Organized Play Promotional Cards,Promo,#134/166,50,3.74,4.35,Available,17:05:51 30/09/2026
Blast Corps Cadet,Spiritforged,Uncommon,#013/221,991,0.01,0.09,Available,17:05:51 30/09/2026
Field Musicians,Vendetta,Common,#026/166,1012,0.01,0.05,Available,17:05:51 30/09/2026
Undercover Agent,Origins,Common,#178/298,1178,0.01,0.04,Available,17:05:51 30/09/2026
Disciple of Shen,Vendetta,Common,#117/166,1002,0.01,0.06,Available,17:05:51 30/09/2026
Veteran Poro,Spiritforged,Common,#099/221,1236,0.01,0.06,Available,17:05:51 30/09/2026
Sun Disc,Origins,Uncommon,#021/298,651,0.1,0.18,Available,17:05:51 30/09/2026
Scrutinizing Sergeant,Unleashed,Common,#157/219,1167,0.01,0.04,Available,17:05:51 30/09/2026
Moonlight Affliction,Unleashed,Common,#066/219,1050,0.01,0.04,Available,17:05:51 30/09/2026
Breakneck Mech,Spiritforged,Uncommon,#071/221,945,0.01,0.14,Available,17:05:51 30/09/2026
Monster Harpoon,Unleashed,Uncommon,#014/219,760,0.01,0.09,Available,17:05:51 30/09/2026
Peak Guardian,Origins,Uncommon,#223/298,818,0.02,0.11,Available,17:05:51 30/09/2026
Wallop,Origins,Uncommon,#146/298,725,0.08,0.15,Available,17:05:51 30/09/2026
Ripper's Bay,Unleashed,Uncommon,#214/219,953,0.02,0.07,Available,17:05:51 30/09/2026
Revna the Lorekeeper,Unleashed,Common,#005/219,1044,0.01,0.05,Available,17:05:51 30/09/2026
Vanguard Helm,Origins,Uncommon,#228/298,841,0.03,0.12,Available,17:05:51 30/09/2026
"Master Yi, Wuju Master",Unleashed,Rare,#191/219,757,0.1,0.21,Available,17:05:51 30/09/2026
Edge of Night (Top 8),Riftbound Organized Play Promotional Cards,Promo,#139/221,35,2.98,3,Available,17:05:51 30/09/2026
Kato the Arm,Spiritforged,Rare,#112/221,760,0.05,0.18,Available,17:05:51 30/09/2026
Highlander,Origins: Proving Grounds,Epic,#020/024,119,0.25,0.67,Available,17:05:51 30/09/2026
Brazen Buccaneer,Origins,Common,#002/298,1201,0.01,0.06,Available,17:05:51 30/09/2026
"Renekton, Butcher of the Sands",Vendetta,Rare,#141/166,702,0.04,0.19,Available,17:05:51 30/09/2026
Seal of Rage (Overnumbered),Spiritforged,Showcase,#222/221,33,44,56.95,Available,17:05:51 30/09/2026
"Vex, Gloomist (Overnumbered)",Unleashed,Showcase,#232/219,5,175,125.74,Available,17:05:51 30/09/2026
"Master Yi, Honed",Origins: Proving Grounds,Epic,#009/024,145,0.79,0.96,Available,17:05:51 30/09/2026
Monch,Unleashed,Common,#035/219,1178,0.01,0.06,Available,17:05:51 30/09/2026
Wildclaw Shaman,Origins,Uncommon,#147/298,903,0.03,0.09,Available,17:05:51 30/09/2026
Black Market Broker,Spiritforged,Common,#121/221,1258,0.01,0.06,Available,17:05:51 30/09/2026
Firestorm,Origins: Proving Grounds,Uncommon,#002/024,129,0.1,0.41,Available,17:05:51 30/09/2026
Kinkou Lifeblade,Vendetta,Common,#093/166,984,0.01,0.05,Available,17:05:51 30/09/2026
Crackshot Corsair,Origins,Common,#130/298,1152,0.01,0.06,Available,17:05:51 30/09/2026
Undying Loyalty,Unleashed,Uncommon,#168/219,757,0.05,0.13,Available,17:05:51 30/09/2026
Altar to Unity,Origins,Uncommon,#275/298,797,0.05,0.09,Available,17:05:51 30/09/2026
Mageseeker Investigator,Unleashed,Uncommon,#163/219,790,0.03,0.11,Available,17:05:51 30/09/2026
"Poppy, Keeper of the Hammer",Unleashed,Rare,#203/219,718,0.1,0.16,Available,17:05:51 30/09/2026
Bandle Soldier,Unleashed,Common,#151/219,1182,0.01,0.03,Available,17:05:51 30/09/2026
Void Drone,Spiritforged,Common,#010/221,1209,0.01,0.06,Available,17:05:51 30/09/2026
Baccai Witherclaw,Vendetta,Uncommon,#078/166,780,0.01,0.05,Available,17:05:51 30/09/2026
Fading Memories,Origins,Uncommon,#180/298,814,0.09,0.15,Available,17:05:51 30/09/2026
Prize of Progress,Spiritforged,Uncommon,#075/221,959,0.01,0.09,Available,17:05:51 30/09/2026
Lonely Poro (Overnumbered),Unleashed,Showcase,#221/219,10,358.45,367.72,Available,17:05:51 30/09/2026
Jae Medarda,Spiritforged,Rare,#142/221,799,0.05,0.14,Available,17:05:51 30/09/2026
Fate Weaver,Unleashed,Common,#064/219,1198,0.01,0.04,Available,17:05:51 30/09/2026
Sai Scout,Origins,Common,#174/298,1148,0.01,0.04,Available,17:05:51 30/09/2026
Blast of Power,Origins: Proving Grounds,Common,#012/024,138,0.25,0.35,Available,17:05:51 30/09/2026
Icevale Archer,Unleashed,Common,#065/219,1211,0.01,0.06,Available,17:05:51 30/09/2026
Profiteer,Vendetta,Uncommon,#082/166,805,0.03,0.12,Available,17:05:51 30/09/2026
Walking Roost,Unleashed,Common,#130/219,1033,0.01,0.03,Available,17:05:51 30/09/2026
Vanguard Sergeant,Origins,Common,#219/298,1168,0.01,0.03,Available,17:05:51 30/09/2026
Scrapyard Champion,Origins,Uncommon,#020/298,776,0.04,0.12,Available,17:05:51 30/09/2026
Jeweled Colossus,Origins,Common,#086/298,1158,0.01,0.02,Available,17:05:51 30/09/2026
Temporal Portal,Spiritforged,Uncommon,#078/221,1006,0.02,0.11,Available,17:05:51 30/09/2026
Vicious Snapjaws,Unleashed,Common,#129/219,1044,0.01,0.04,Available,17:05:51 30/09/2026
Yordle Explorer,Spiritforged,Common,#100/221,1261,0.01,0.05,Available,17:05:51 30/09/2026
"Master Yi, Meditative",Origins: Proving Grounds,Rare,#004/024,134,0.24,0.65,Available,17:05:51 30/09/2026
Aspirant's Climb,Origins,Uncommon,#276/298,454,0.1,0.22,Available,17:05:51 30/09/2026
Shadow Assassin,Vendetta,Uncommon,#013/166,807,0.01,0.07,Available,17:05:51 30/09/2026
Mask Mother,Vendetta,Common,#094/166,813,0.03,0.07,Available,17:05:51 30/09/2026
Megatusk,Unleashed,Common,#126/219,1197,0.01,0.03,Available,17:05:51 30/09/2026
Zaun Punk,Spiritforged,Common,#160/221,1214,0.01,0.07,Available,17:05:51 30/09/2026
The Arena's Greatest,Origins,Uncommon,#290/298,398,0.14,0.23,Available,17:05:51 30/09/2026
"Vi, Piltover Enforcer",Unleashed,Rare,#187/219,753,0.05,0.18,Available,17:05:51 30/09/2026
Incinerate,Origins: Proving Grounds,Common,#003/024,115,0.1,0.42,Available,17:05:51 30/09/2026
Temptation,Spiritforged,Common,#129/221,1250,0.01,0.06,Available,17:05:51 30/09/2026
The Dreaming Tree,Origins,Uncommon,#292/298,566,0.07,0.16,Available,17:05:51 30/09/2026
"Annie, Dark Child (Starter)",Origins: Proving Grounds,Rare,#017/024,121,3.7,3.58,Available,17:05:51 30/09/2026
The Academy,Unleashed,Uncommon,#216/219,906,0.01,0.06,Available,17:05:51 30/09/2026
Gemcraft Seer,Origins,Uncommon,#100/298,809,0.05,0.11,Available,17:05:51 30/09/2026
Mega-Mech,Origins,Common,#088/298,1156,0.01,0.05,Available,17:05:51 30/09/2026
Right of Conquest,Unleashed,Uncommon,#015/219,771,0.01,0.07,Available,17:05:51 30/09/2026
Gustwalker,Unleashed,Uncommon,#075/219,795,0.04,0.11,Available,17:05:51 30/09/2026
Dangerous Duo,Origins,Uncommon,#016/298,1094,0.01,0.07,Available,17:05:51 30/09/2026
Mosstomper,Unleashed,Uncommon,#047/219,796,0.03,0.07,Available,17:05:51 30/09/2026
Enthusiastic Promoter,Unleashed,Uncommon,#043/219,805,0.01,0.08,Available,17:05:51 30/09/2026
Reflection // Buff,Unleashed,None,#T06,216,0.01,0.1,Available,17:05:51 30/09/2026
Crescent Guardian,Unleashed,Common,#122/219,1175,0.01,0.05,Available,17:05:51 30/09/2026
Royal Guard,Spiritforged,Common,#157/221,1218,0.01,0.06,Available,17:05:51 30/09/2026
Cloud Drake,Vendetta,Common,#048/166,954,0.01,0.04,Available,17:05:51 30/09/2026
Frostcoat Mother,Vendetta,Uncommon,#032/166,783,0.01,0.07,Available,17:05:51 30/09/2026
Petricite Monument,Spiritforged,Uncommon,#104/221,995,0.01,0.07,Available,17:05:51 30/09/2026
Seal of Unity (Overnumbered),Spiritforged,Showcase,#238/221,53,45,55.63,Available,17:05:51 30/09/2026
Targonian Visionary,Unleashed,Common,#098/219,1195,0.01,0.06,Available,17:05:51 30/09/2026
"Riven, Shattered",Riftbound Promotional Cards,Promo,#041a/166,1,225,152.4,Available,17:05:51 30/09/2026
Bilgewater Bully,Origins,Common,#125/298,1198,0.01,0.03,Available,17:05:51 30/09/2026
Harpoon Squad,Spiritforged,Uncommon,#137/221,1015,0.01,0.08,Available,17:05:51 30/09/2026
Trapping Grounds,Unleashed,Uncommon,#217/219,938,0.01,0.06,Available,17:05:51 30/09/2026
Brush // Buff,Unleashed,None,#T03,259,0.05,0.09,Available,17:05:51 30/09/2026
Square Up,Unleashed,Uncommon,#017/219,779,0.03,0.08,Available,17:05:51 30/09/2026
Dauntless Vanguard,Spiritforged,Common,#093/221,1259,0.01,0.07,Available,17:05:51 30/09/2026
"Rengar, Pridestalker (Overnumbered)",Unleashed,Showcase,#227/219,33,69.98,108.5,Available,17:05:51 30/09/2026
Jaull-Fish,Spiritforged,Uncommon,#103/221,982,0.01,0.08,Available,17:05:51 30/09/2026
"Yasuo, Unforgiven (Overnumbered)",Origins,Showcase,#305/298,47,39,79.97,Available,17:05:51 30/09/2026
Void Hatchling,Spiritforged,Uncommon,#018/221,905,0.05,0.09,Available,17:05:51 30/09/2026
Seal of Insight (Overnumbered),Spiritforged,Showcase,#229/221,33,45,50.35,Available,17:05:51 30/09/2026
"LeBlanc, Deceiver (Overnumbered)",Unleashed,Showcase,#235/219,26,170,246.92,Available,17:05:51 30/09/2026
Crowd Favorite,Unleashed,Uncommon,#102/219,1024,0.01,0.04,Available,17:05:51 30/09/2026
"Lux, Lady of Luminosity (Starter)",Origins: Proving Grounds,Rare,#021/024,45,7.99,10.39,Available,17:05:51 30/09/2026
Captain Farron,Origins,Uncommon,#015/298,825,0.05,0.1,Available,17:05:51 30/09/2026
Obelisk of Power,Origins,Uncommon,#284/298,542,0.05,0.13,Available,17:05:51 30/09/2026
"Garen, Commander",Origins: Proving Grounds,Epic,#013/024,119,0.24,0.76,Available,17:05:51 30/09/2026
Covert Informant,Vendetta,Uncommon,#057/166,791,0.01,0.07,Available,17:05:51 30/09/2026
Perched Grimwyrm,Spiritforged,Uncommon,#015/221,948,0.01,0.09,Available,17:05:51 30/09/2026
Zaunite Bouncer,Origins,Uncommon,#188/298,763,0.02,0.1,Available,17:05:51 30/09/2026
Playful Phantom,Origins,Common,#049/298,1149,0.01,0.02,Available,17:05:51 30/09/2026
Reaver's Row,Origins,Uncommon,#285/298,733,0.03,0.1,Available,17:05:51 30/09/2026
Soulspinner,Vendetta,Common,#123/166,976,0.02,0.06,Available,17:05:51 30/09/2026
Buhru Captain,Spiritforged,Common,#091/221,1233,0.01,0.06,Available,17:05:51 30/09/2026
Imposing Challenger,Unleashed,Uncommon,#105/219,777,0.04,0.09,Available,17:05:51 30/09/2026
Decisive Strike,Origins: Proving Grounds,Epic,#024/024,133,0.09,0.5,Available,17:05:51 30/09/2026
"Rek'sai, Void Burrower (Overnumbered)",Spiritforged,Showcase,#243/221,15,59.99,98.25,Available,17:05:51 30/09/2026
"Fiora, Grand Duelist (Overnumbered)",Spiritforged,Showcase,#251/221,17,89,113.18,Available,17:05:51 30/09/2026
Seal of Strength (Overnumbered),Spiritforged,Showcase,#231/221,53,40,45.23,Available,17:05:51 30/09/2026
"Shen, Eye of Twilight",Vendetta,Rare,#147/166,708,0.01,0.11,Available,17:05:51 30/09/2026
Plundering Poro (Overnumbered),Unleashed,Showcase,#222/219,16,118.99,199.48,Available,17:05:51 30/09/2026
Lord Broadmane,Unleashed,Uncommon,#012/219,806,0.04,0.07,Available,17:05:51 30/09/2026
Raging Soul,Origins,Uncommon,#019/298,951,0.01,0.06,Available,17:05:51 30/09/2026
Insightful Investigator,Unleashed,Uncommon,#135/219,743,0.05,0.09,Available,17:05:51 30/09/2026
Laurent Bladekeeper,Spiritforged,Common,#096/221,1290,0.01,0.08,Available,17:05:51 30/09/2026
"Viktor, Herald of the Arcane (Overnumbered)",Origins,Showcase,#308/298,34,79.99,105.92,Available,17:05:51 30/09/2026
"Lux, Illuminated",Origins: Proving Grounds,Rare,#006/024,119,0.24,0.57,Available,17:05:51 30/09/2026
Petty Officer,Origins,Common,#215/298,1149,0.01,0.04,Available,17:05:51 30/09/2026
"Mel, Newly Awakened",Riftbound Organized Play Promotional Cards,Epic,#069b/166,57,160,199.19,Available,17:05:51 30/09/2026
"Poppy, Keeper of the Hammer (Overnumbered)",Unleashed,Showcase,#237/219,33,29,44.95,Available,17:05:51 30/09/2026
Yeti Brawler,Unleashed,Uncommon,#018/219,799,0.01,0.06,Available,17:05:51 30/09/2026
Marai Spire,Spiritforged,Uncommon,#211/221,904,0.02,0.07,Available,17:05:51 30/09/2026
Esteemed Hierophant,Vendetta,Common,#025/166,970,0.01,0.03,Available,17:05:51 30/09/2026
Wily Newtfish,Unleashed,Uncommon,#108/219,786,0.05,0.06,Available,17:05:51 30/09/2026
Blade Twirler,Vendetta,Common,#002/166,998,0.01,0.06,Available,17:05:51 30/09/2026
"Volibear, Relentless Storm (Overnumbered)",Origins,Showcase,#300/298,47,29.99,69.34,Available,17:05:51 30/09/2026
Shipyard Skulker,Origins,Common,#175/298,1135,0.01,0.07,Available,17:05:51 30/09/2026
Daring Poro (Overnumbered),Unleashed,Showcase,#225/219,23,81.69,172.16,Available,17:05:51 30/09/2026
Simian Ancestor,Spiritforged,Uncommon,#047/221,957,0.01,0.06,Available,17:05:51 30/09/2026
"Irelia, Blade Dancer (Overnumbered)",Spiritforged,Showcase,#246/221,40,59.99,170.28,Available,17:05:51 30/09/2026
"Master Yi, Wuju Bladesman",Riftbound Organized Play Promotional Cards,Promo,#019/024,15,29.99,41.18,Available,17:05:51 30/09/2026
"Jayce, Defender of Tomorrow (Overnumbered)",Vendetta,Showcase,#194/166,18,175,209.91,Available,17:05:51 30/09/2026
Ancient Warmonger,Spiritforged,Uncommon,#131/221,936,0.03,0.11,Available,17:05:51 30/09/2026
Scorchclaw,Unleashed,Uncommon,#016/219,992,0.02,0.06,Available,17:05:51 30/09/2026
"Heimerdinger, Inventor",Riftbound Promotional Cards,Promo,#111a/298,14,75.02,75.51,Available,17:05:51 30/09/2026
"Ahri, Nine-Tailed Fox (Overnumbered)",Origins,Showcase,#303/298,38,170,370.79,Available,17:05:51 30/09/2026
Protective Sands,Vendetta,Uncommon,#162/166,757,0.01,0.07,Available,17:05:51 30/09/2026
"Leona, Determined (Overnumbered)",Vendetta,Showcase,#184/166,19,49.99,85.04,Available,17:05:51 30/09/2026
Fretful Feline,Vendetta,Common,#071/166,965,0.01,0.03,Available,17:05:51 30/09/2026
Call to Battle,Unleashed,Uncommon,#101/219,755,0.01,0.08,Available,17:05:51 30/09/2026
Kinkou Temple,Vendetta,Uncommon,#159/166,727,0.01,0.07,Available,17:05:51 30/09/2026
"Zed, Master of Shadows (Overnumbered)",Vendetta,Showcase,#191/166,21,148.99,174.64,Available,17:05:51 30/09/2026
"Lillia, Bashful Bloom",Secret Garden,Promo,#001/003,12,64.99,127.59,Available,17:05:51 30/09/2026
"Rengar, Trophy Hunter (Overnumbered)",Vendetta,Showcase,#179/166,13,162.49,165.79,Available,17:05:51 30/09/2026
Sentinel Adept,Spiritforged,Common,#008/221,1226,0.01,0.05,Available,17:05:51 30/09/2026
Serene Ascetic,Vendetta,Common,#030/166,985,0.01,0.04,Available,17:05:51 30/09/2026
"Kayle, Justified (Overnumbered)",Vendetta,Showcase,#185/166,28,158.5,165.25,Available,17:05:51 30/09/2026
"Jayce, Man of Progress (Overnumbered)",Vendetta,Showcase,#175/166,26,71,90.48,Available,17:05:51 30/09/2026
Pouty Poro (Overnumbered),Unleashed,Showcase,#220/219,13,140,205.04,Available,17:05:51 30/09/2026
Royal Entourage,Spiritforged,Common,#039/221,1270,0.01,0.03,Available,17:05:51 30/09/2026
"Aphelios, Exalted (Overnumbered)",Spiritforged,Showcase,#224/221,27,65,79.33,Available,17:05:51 30/09/2026
Piltovan Forge,Vendetta,Uncommon,#161/166,732,0.02,0.07,Available,17:05:51 30/09/2026
"Sett, The Boss (Overnumbered)",Origins,Showcase,#310/298,69,45,73.22,Available,17:05:51 30/09/2026
"Kennen, Heart of the Tempest (Overnumbered)",Vendetta,Showcase,#197/166,34,138.99,214.18,Available,17:05:51 30/09/2026
Dame the Despoiler,Vendetta,Uncommon,#079/166,785,0.01,0.06,Available,17:05:51 30/09/2026
Grumpy Rockbear,Vendetta,Common,#050/166,952,0.01,0.04,Available,17:05:51 30/09/2026
Guardian Angel (Top 8),Riftbound Organized Play Promotional Cards,Promo,#051/221,37,4.6,4.73,Available,17:05:51 30/09/2026
"Leona, Radiant Dawn (Overnumbered)",Origins,Showcase,#306/298,37,53.99,88.04,Available,17:05:51 30/09/2026
Seal of Focus (Overnumbered),Spiritforged,Showcase,#226/221,39,53,66.43,Available,17:05:51 30/09/2026
"Darius, Hand of Noxus (Overnumbered)",Origins,Showcase,#302/298,69,43,52.15,Available,17:05:51 30/09/2026
Ribbon Dancer,Spiritforged,Common,#038/221,1223,0.01,0.06,Available,17:05:51 30/09/2026
Mystic Poro (Overnumbered),Unleashed,Showcase,#224/219,20,79.99,189.39,Available,17:05:51 30/09/2026
XP Tracker // Buff,Unleashed,None,#T08,220,0.04,0.08,Available,17:05:51 30/09/2026
"Jhin, Virtuoso (Overnumbered)",Unleashed,Showcase,#226/219,26,49.99,70.39,Available,17:05:51 30/09/2026
Sandshifter,Spiritforged,Common,#158/221,1241,0.01,0.05,Available,17:05:51 30/09/2026
"Pyke, Bloodharbor Ripper (Overnumbered)",Unleashed,Showcase,#228/219,22,64.99,92.91,Available,17:05:51 30/09/2026
Veteran Poro (Overnumbered),Unleashed,Showcase,#223/219,10,85,177.1,Available,17:05:51 30/09/2026
Baccai Reaper,Vendetta,Uncommon,#009/166,807,0.01,0.06,Available,17:05:51 30/09/2026
"Sivir, Battle Mistress (Overnumbered)",Spiritforged,Showcase,#250/221,44,30,56.46,Available,17:05:51 30/09/2026
"Rumble, Mechanized Menace (Overnumbered)",Spiritforged,Showcase,#240/221,44,39.99,49.1,Available,17:05:51 30/09/2026
Boneshiver,Riftbound Organized Play Promotional Cards,Promo,#118a/221,15,47.48,52.63,Available,17:05:51 30/09/2026
Fae Porter,Spiritforged,Common,#125/221,1225,0.01,0.07,Available,17:05:51 30/09/2026
"Lee Sin, Blind Monk (Overnumbered)",Origins,Showcase,#304/298,40,80,140.63,Available,17:05:51 30/09/2026
Loyal Pup,Spiritforged,Common,#126/221,1180,0.01,0.05,Available,17:05:51 30/09/2026
Seal of Discord (Overnumbered),Spiritforged,Showcase,#234/221,60,60,109.32,Available,17:05:51 30/09/2026
"Kai'Sa, Daughter of the Void (Overnumbered)",Origins,Showcase,#299/298,43,109.99,285.27,Available,17:05:51 30/09/2026
"Draven, Showboat (Overnumbered)",Vendetta,Showcase,#172/166,40,61,79.48,Available,17:05:51 30/09/2026
Navori Scout,Spiritforged,Common,#037/221,1243,0.01,0.07,Available,17:05:51 30/09/2026
Sandstone Chimera,Vendetta,Uncommon,#036/166,788,0.01,0.05,Available,17:05:51 30/09/2026
"Renekton, Brute (Overnumbered)",Vendetta,Showcase,#177/166,38,60,63.16,Available,17:05:51 30/09/2026
"Illaoi, Prophet of the Great Kraken (Overnumbered)",Vendetta,Showcase,#182/166,35,64.99,94.24,Available,17:05:51 30/09/2026
"Masa, Crashing Thunder",Vendetta,Common,#120/166,950,0.02,0.08,Available,17:05:51 30/09/2026
Horns of the Dragon,Vendetta,Common,#118/166,967,0.01,0.03,Available,17:05:51 30/09/2026
Armed Assailant,Spiritforged,Common,#002/221,1236,0.01,0.04,Available,17:05:51 30/09/2026
"Ambessa, Respected and Feared (Overnumbered)",Vendetta,Showcase,#187/166,60,40,47.31,Available,17:05:51 30/09/2026
Dune Surfer,Vendetta,Common,#004/166,822,0.01,0.08,Available,17:05:51 30/09/2026
Oasis Raider,Vendetta,Common,#006/166,979,0.01,0.07,Available,17:05:51 30/09/2026
Wizened Elder,Origins,Uncommon,#065/298,834,0.01,0.07,Available,17:05:51 30/09/2026
"Jinx, Demolitionist (Overnumbered)",Vendetta,Showcase,#168/166,42,105,108.85,Available,17:05:51 30/09/2026
"Diana, No Longer Human (Overnumbered)",Vendetta,Showcase,#183/166,59,89.99,123.15,Available,17:05:51 30/09/2026
Stealthy Pursuer,Origins,Common,#177/298,1138,0.01,0.07,Available,17:05:51 30/09/2026
"Master Yi, Wuju Master (Overnumbered)",Unleashed,Showcase,#231/219,34,32.99,49.72,Available,17:05:51 30/09/2026
"Soraka, Wanderer (Overnumbered)",Spiritforged,Showcase,#239/221,32,69.99,135.92,Available,17:05:51 30/09/2026
"Shen, Eye of Twilight (Overnumbered)",Vendetta,Showcase,#193/166,32,70,76.13,Available,17:05:51 30/09/2026
"Draven, Glorious Executioner (Overnumbered)",Spiritforged,Showcase,#242/221,49,65.99,95.47,Available,17:05:51 30/09/2026
Ultrasoft Poro,Secret Garden,Promo,#003/003,13,29.99,125.12,Available,17:05:51 30/09/2026
"Karma, Channeler (Overnumbered)",Spiritforged,Showcase,#237/221,39,34.99,48.34,Available,17:05:51 30/09/2026
"Diana, Scorn of the Moon (Overnumbered)",Unleashed,Showcase,#234/219,21,119.99,237.09,Available,17:05:51 30/09/2026
"Vi, Destructive (Overnumbered)",Vendetta,Showcase,#167/166,30,98,102.3,Available,17:05:51 30/09/2026
"Azir, Emperor of the Sands (Overnumbered)",Spiritforged,Showcase,#247/221,19,99.99,126.08,Available,17:05:51 30/09/2026
Eminent Benefactor,Spiritforged,Common,#152/221,1229,0.01,0.04,Available,17:05:51 30/09/2026
Baccai Sandspinner,Vendetta,Common,#001/166,992,0.01,0.05,Available,17:05:51 30/09/2026
Brutal Hunter,Vendetta,Common,#070/166,971,0.01,0.05,Available,17:05:51 30/09/2026
"Ivern, Green Father",Secret Garden,Promo,#002/003,12,17.99,53.62,Available,17:05:51 30/09/2026
"Vi, Piltover Enforcer (Overnumbered)",Unleashed,Showcase,#229/219,34,45.99,92.27,Available,17:05:51 30/09/2026
"Kha'Zix, Voidreaver (Overnumbered)",Unleashed,Showcase,#236/219,29,69.99,112.69,Available,17:05:51 30/09/2026
"Yone, Blademaster (Overnumbered)",Spiritforged,Showcase,#233/221,32,54.99,80.78,Available,17:05:51 30/09/2026
"Swain, Visionary (Overnumbered)",Vendetta,Showcase,#173/166,45,66.98,77.32,Available,17:05:51 30/09/2026
"Morgana, Vindictive (Overnumbered)",Vendetta,Showcase,#186/166,14,79,114.91,Available,17:05:51 30/09/2026
Reluctant Leader,Vendetta,Common,#121/166,973,0.01,0.05,Available,17:05:51 30/09/2026
"Garen, Might of Demacia (Starter)",Origins: Proving Grounds,Rare,#023/024,85,0.48,0.92,Available,17:05:51 30/09/2026
Bandle Tree,Riftbound Promotional Cards,Promo,#278a/298,14,19.99,59.87,Available,17:05:51 30/09/2026
"Nasus, Curator of the Sands (Overnumbered)",Vendetta,Showcase,#192/166,37,83,159.39,Available,17:05:51 30/09/2026
"Mel, Defiant Soul (Overnumbered)",Vendetta,Showcase,#188/166,47,69,77.99,Available,17:05:51 30/09/2026
"Yasuo, Windrider (Overnumbered)",Spiritforged,Showcase,#235/221,30,44,62.64,Available,17:05:51 30/09/2026
"Ivern, Green Father (Overnumbered)",Unleashed,Showcase,#233/219,18,52,65.15,Available,17:05:51 30/09/2026
"Ornn, Fire Below the Mountain (Overnumbered)",Spiritforged,Showcase,#244/221,32,69.99,93.24,Available,17:05:51 30/09/2026
Pakaa Protector,Vendetta,Uncommon,#033/166,812,0.01,0.07,Available,17:05:51 30/09/2026
Forsaken Baccai,Vendetta,Common,#005/166,1027,0.01,0.08,Available,17:05:51 30/09/2026
"Mel, Soul's Reflection (Overnumbered)",Vendetta,Showcase,#195/166,53,120,168.49,Available,17:05:51 30/09/2026
Gearhead,Spiritforged,Common,#068/221,1216,0.01,0.05,Available,17:05:51 30/09/2026
"Renekton, Butcher of the Sands (Overnumbered)",Vendetta,Showcase,#190/166,48,49.95,57.3,Available,17:05:51 30/09/2026
"Lucian, Purifier (Overnumbered)",Spiritforged,Showcase,#241/221,48,34.99,65.52,Available,17:05:51 30/09/2026
"Ahri, Alluring (Launch Exclusive)",Riftbound Promotional Cards,Promo,#066/298,30,19.99,164.91,Available,17:05:51 30/09/2026
"Irelia, Fervent (Overnumbered)",Vendetta,Showcase,#174/166,34,190,220.2,Available,17:05:51 30/09/2026
Hungry Wolf,Vendetta,Uncommon,#125/166,791,0.02,0.05,Available,17:05:51 30/09/2026
Frostcoat Cub,Spiritforged,Common,#067/221,1231,0.01,0.05,Available,17:05:51 30/09/2026
Body Rune (R04c),Riftbound Organized Play Promotional Cards,Promo,#R04c,2,21.22,20.28,Available,17:05:51 30/09/2026
Corrupt Enforcer,Spiritforged,Common,#123/221,1229,0.01,0.05,Available,17:05:51 30/09/2026
"Nasus, Guardian of Knowledge (Overnumbered)",Vendetta,Showcase,#178/166,34,47.99,62.55,Available,17:05:51 30/09/2026
"Sett, Brawler (Overnumbered)",Spiritforged,Showcase,#232/221,42,59.99,78.31,Available,17:05:51 30/09/2026
"Teemo, Swift Scout (Overnumbered)",Origins,Showcase,#307/298,46,62,155.76,Available,17:05:51 30/09/2026
Master Bingwen,Spiritforged,Common,#127/221,1237,0.01,0.02,Available,17:05:51 30/09/2026
"Zed, From the Shadows (Overnumbered)",Vendetta,Showcase,#169/166,39,57,63.17,Available,17:05:51 30/09/2026
"Ezreal, Prodigal Explorer (Overnumbered)",Spiritforged,Showcase,#248/221,43,62.99,115.78,Available,17:05:51 30/09/2026
"Jax, Grandmaster At Arms (Overnumbered)",Spiritforged,Showcase,#245/221,43,37.99,61.11,Available,17:05:51 30/09/2026
"Miss Fortune, Bounty Hunter (Overnumbered)",Origins,Showcase,#309/298,44,67,181.09,Available,17:05:51 30/09/2026
"Irelia, Fervent (Overnumbered)",Spiritforged,Showcase,#225/221,22,215,379.97,Available,17:05:51 30/09/2026
Gentlemen's Duel,Origins: Proving Grounds,Common,#008/024,143,0.09,0.35,Available,17:05:51 30/09/2026
"Darius, Executioner (Overnumbered)",Spiritforged,Showcase,#236/221,31,36.99,49.95,Available,17:05:51 30/09/2026
"Ambessa, Matriarch of War (Overnumbered)",Vendetta,Showcase,#196/166,42,94.5,117.57,Available,17:05:51 30/09/2026
Zephyr Sage,Origins: Proving Grounds,Uncommon,#005/024,143,0.09,0.25,Available,17:05:51 30/09/2026
"Teemo, Scout (GG EZ)",Riftbound Organized Play Promotional Cards,Promo,#197b/298,17,1095,1430.38,Available,17:05:51 30/09/2026
Sacred Protector,Vendetta,Uncommon,#129/166,831,0.02,0.08,Available,17:05:51 30/09/2026
"Caitlyn, Patrolling",Riftbound Promotional Cards,Promo,#068a/298,6,250,101.03,Available,17:05:51 30/09/2026
"Ahri, Inquisitive (Overnumbered)",Spiritforged,Showcase,#227/221,18,380,666.62,Available,17:05:51 30/09/2026
"Shen, Scourge of Shadows (Overnumbered)",Vendetta,Showcase,#170/166,43,48,50.44,Available,17:05:51 30/09/2026
"Renata Glasc, Chem-Baroness (Overnumbered)",Spiritforged,Showcase,#249/221,47,32.99,49.57,Available,17:05:51 30/09/2026
Laurent Duelist,Riftbound Organized Play Promotional Cards,Promo,#156/221,152,0.1,0.25,Available,17:05:51 30/09/2026
Sky Cruiser,Vendetta,Uncommon,#060/166,800,0.01,0.06,Available,17:05:51 30/09/2026
Combat Chef,Spiritforged,Common,#092/221,1249,0.01,0.04,Available,17:05:51 30/09/2026
"Teemo, Strategist (Overnumbered)",Spiritforged,Showcase,#230/221,47,64.99,156.04,Available,17:05:51 30/09/2026
"Vayne, Hunter (Overnumbered)",Spiritforged,Showcase,#223/221,33,124.99,215.23,Available,17:05:51 30/09/2026
"Illaoi, Prophet of the Great Kraken (Champion)",Riftbound Organized Play Promotional Cards,Promo,#109/166,29,68.95,72.89,Available,17:05:51 30/09/2026
"Kha'Zix, Evolving Hunter (Overnumbered)",Vendetta,Showcase,#180/166,50,45,70.06,Available,17:05:51 30/09/2026
"Kayle, Justified (Champion)",Riftbound Organized Play Promotional Cards,Promo,#134/166,11,88,92.71,Available,17:05:51 30/09/2026
"Lillia, Bashful Bloom (Overnumbered)",Unleashed,Showcase,#230/219,34,49.99,77.9,Available,17:05:51 30/09/2026
"Vi, Destructive",Riftbound Promotional Cards,Promo,#036a/298,9,99.99,93.81,Available,17:05:51 30/09/2026
Order Rune (R06c),Riftbound Organized Play Promotional Cards,Promo,#R06c,3,21.01,20.03,Available,17:05:51 30/09/2026
"Jinx, Loose Cannon (Overnumbered)",Origins,Showcase,#301/298,43,77.99,159,Available,17:05:51 30/09/2026
"Akali, Rogue Assassin (Overnumbered)",Vendetta,Showcase,#189/166,33,430,578.56,Available,17:05:51 30/09/2026
"Lux, Lady of Luminosity",Riftbound Organized Play Promotional Cards,Promo,#021/024,41,37.99,49.98,Available,17:05:51 30/09/2026
"Rengar, Trophy Hunter (Champion)",Riftbound Organized Play Promotional Cards,Promo,#120/219,29,138.98,155.67,Available,17:05:51 30/09/2026
"Annie, Dark Child",Riftbound Organized Play Promotional Cards,Promo,#017/024,37,33,39.55,Available,17:05:51 30/09/2026
"Viktor, Innovator (Overnumbered)",Vendetta,Showcase,#176/166,32,76.17,78.98,Available,17:05:51 30/09/2026
"Bard, Mercurial (Overnumbered)",Spiritforged,Showcase,#228/221,24,39.99,71.31,Available,17:05:51 30/09/2026
The Grand Plaza,Riftbound Promotional Cards,Promo,#293a/298,17,19.99,36.01,Available,17:05:51 30/09/2026
"Garen, Might of Demacia",Riftbound Organized Play Promotional Cards,Promo,#023/024,44,4.07,6.4,Available,17:05:51 30/09/2026
Aspirant's Climb,Riftbound Promotional Cards,Promo,#276a/298,29,37,46.72,Available,17:05:51 30/09/2026
Calm Rune (R02c),Riftbound Organized Play Promotional Cards,Promo,#R02c,3,18.49,19.06,Available,17:05:51 30/09/2026
Chaos Rune (R05c),Riftbound Organized Play Promotional Cards,Promo,#R05c,5,17.94,20.38,Available,17:05:51 30/09/2026
"Gangplank, Naval (Overnumbered)",Vendetta,Showcase,#181/166,54,87.51,97.49,Available,17:05:51 30/09/2026
"Teemo, Swift Scout (Alternate Art)",Riftbound Promotional Cards,Promo,#263a/298,29,299.99,690.85,Available,17:05:51 30/09/2026
XP Tracker // Gold,Unleashed,None,#T08,202,0.03,0.06,Available,17:05:51 30/09/2026
Edge of Night (Champion),Riftbound Organized Play Promotional Cards,Promo,#139/221,16,90,94.43,Available,17:05:51 30/09/2026
Fury Rune (R01c),Riftbound Organized Play Promotional Cards,Promo,#R01c,7,17.95,19.19,Available,17:05:51 30/09/2026
Vanguard Attendant,Origins: Proving Grounds,Common,#016/024,161,0.09,0.23,Available,17:05:51 30/09/2026
"Renekton, Butcher of the Sands (Signature)",Vendetta,Showcase,#190,26,334.99,443.44,Available,17:05:51 30/09/2026
"Jayce, Defender of Tomorrow (Signature)",Vendetta,Showcase,#194,16,925,1218.96,Available,17:05:51 30/09/2026
"Ambessa, Matriarch of War (Signature)",Vendetta,Showcase,#196,18,399.99,487.42,Available,17:05:51 30/09/2026
"Warwick, Hunter",Riftbound Promotional Cards,Promo,#159a/298,23,58.94,67.87,Available,17:05:51 30/09/2026
Guardian Angel (Champion),Riftbound Organized Play Promotional Cards,Promo,#051/221,28,88.99,106.71,Available,17:05:51 30/09/2026
"LeBlanc, Deceiver (Signature)",Unleashed,Showcase,#235,4,1300,989.24,Available,17:05:51 30/09/2026
"Master Yi, Wuju Bladesman (Metal) (Prize Wall)",Riftbound Organized Play Promotional Cards,Promo,#019/024,1,4100,2222.91,Available,17:05:51 30/09/2026
"Rengar, Pridestalker (Signature)",Unleashed,Showcase,#227,10,784,551.94,Available,17:05:51 30/09/2026
"Ivern, Green Father (Signature)",Unleashed,Showcase,#233,13,430,399.52,Available,17:05:51 30/09/2026
"Darius, Executioner (Signature)",Spiritforged,Showcase,#236,10,199.99,401.93,Available,17:05:51 30/09/2026
Baron Nashor (Ultimate),Unleashed,Showcase,#238/219,18,2249.99,1828.46,Available,17:05:51 30/09/2026
"Viktor, Leader",Riftbound Promotional Cards,Promo,#246b/298,13,130,107.27,Available,17:05:51 30/09/2026
Mind Rune (R03c),Riftbound Organized Play Promotional Cards,Promo,#R03c,4,17.25,19.64,Available,17:05:51 30/09/2026
"Yone, Blademaster (Signature)",Spiritforged,Showcase,#233,7,600,593.04,Available,17:05:51 30/09/2026
"Soraka, Wanderer (Signature)",Spiritforged,Showcase,#239,9,499.99,897.53,Available,17:05:51 30/09/2026
"Lucian, Purifier (Metal) (Prize Wall)",Riftbound Organized Play Promotional Cards,Promo,#183/221,0,1348.75,1348.75,Out of Stock,17:05:51 30/09/2026
"Seraphine, Not Alone (T1 Worlds Champion Signature Edition Bundle)",Riftbound Promotional Cards,Showcase,#T1S,2,1325,1350,Available,17:05:51 30/09/2026
"Viktor, Herald of the Arcane (Signature)",Origins,Showcase,#308,10,1098,686.3,Available,17:05:51 30/09/2026
"Azir, Emperor of the Sands (Metal) (Prize Wall)",Riftbound Organized Play Promotional Cards,Promo,#197/221,0,1399.76,1399.76,Out of Stock,17:05:51 30/09/2026
"Zed, Master of Shadows (Signature)",Vendetta,Showcase,#191,13,1250,1352.67,Available,17:05:51 30/09/2026
"Vex, Gloomist (Signature)",Unleashed,Showcase,#232,14,650,633.4,Available,17:05:51 30/09/2026
"Kennen, Heart of the Tempest (Signature)",Vendetta,Showcase,#197,15,1049.95,1152.22,Available,17:05:51 30/09/2026
"Viktor, Herald of the Arcane (Metal) (Prize Wall)",Riftbound Organized Play Promotional Cards,Promo,#265/298,2,2990,1950,Available,17:05:51 30/09/2026
"Diana, Scorn of the Moon (Metal) (Prize Wall)",Riftbound Organized Play Promotional Cards,Promo,#197/219,1,3500,1899.99,Available,17:05:51 30/09/2026
"Lillia, Bashful Bloom (Signature)",Unleashed,Showcase,#230,15,592.69,490.63,Available,17:05:51 30/09/2026
"Leona, Radiant Dawn (Signature)",Origins,Showcase,#306,5,888.88,910.5,Available,17:05:51 30/09/2026
"Teemo, Strategist (Signature)",Spiritforged,Showcase,#230,7,600,747.54,Available,17:05:51 30/09/2026
"Miss Fortune, Bounty Hunter (Signature)",Origins,Showcase,#309,11,1000,1526.25,Available,17:05:51 30/09/2026
"Vayne, Hunter (Signature)",Spiritforged,Showcase,#223,10,1999.99,1224.22,Available,17:05:51 30/09/2026
"Sivir, Battle Mistress (Metal) (Prize Wall)",Riftbound Organized Play Promotional Cards,Promo,#203/221,0,1499.98,1499.98,Out of Stock,17:05:51 30/09/2026
"Akali, Rogue Assassin (Signature)",Vendetta,Showcase,#189,8,2950,3229.71,Available,17:05:51 30/09/2026
"Aphelios, Exalted (Signature)",Spiritforged,Showcase,#224,14,279.99,567.87,Available,17:05:51 30/09/2026
"Lee Sin, Blind Monk (Signature)",Origins,Showcase,#304,6,1985,1359.58,Available,17:05:51 30/09/2026
"Yasuo, Unforgiven (Signature)",Origins,Showcase,#305,10,1150,887.54,Available,17:05:51 30/09/2026
"Ambessa, The Wolf (T1 Worlds Champion Signature Edition Bundle)",Riftbound Promotional Cards,Showcase,#T1S,4,1098.71,617.5,Available,17:05:51 30/09/2026
"Galio, Indefatigable (T1 Worlds Champion Signature Edition Bundle)",Riftbound Promotional Cards,Showcase,#T1S,5,1297.99,1498,Available,17:05:51 30/09/2026
"Miss Fortune, Buccaneer (T1 Worlds Champion Signature Edition Bundle)",Riftbound Promotional Cards,Showcase,#T1S,5,1242.99,1300,Available,17:05:51 30/09/2026
"Bard, Mercurial (Signature)",Spiritforged,Showcase,#228,15,345,449.62,Available,17:05:51 30/09/2026
"Leona, Radiant Dawn (Metal) (Best Of)",Riftbound Organized Play Promotional Cards,Promo,#261/298,0,1222,1222,Out of Stock,17:05:51 30/09/2026
"Yasuo, Unforgiven (Metal) (Prize Wall)",Riftbound Organized Play Promotional Cards,Promo,#259/298,1,5000,1598.49,Available,17:05:51 30/09/2026
"Ahri, Nine-Tailed Fox (Metal) (Prize Wall)",Riftbound Organized Play Promotional Cards,Promo,#255/298,0,0,0,Out of Stock,17:05:51 30/09/2026
"Rumble, Mechanized Menace (Metal) (Prize Wall)",Riftbound Organized Play Promotional Cards,Promo,#181/221,0,1333.33,1333.33,Out of Stock,17:05:51 30/09/2026
"Annie, Dark Child (Metal) (Prize Wall)",Riftbound Organized Play Promotional Cards,Promo,#017/024,1,4418.48,1850,Available,17:05:51 30/09/2026
"Vi, Piltover Enforcer (Signature)",Unleashed,Showcase,#229,10,849.23,629.15,Available,17:05:51 30/09/2026
"Teemo, Swift Scout (Signature)",Origins,Showcase,#307,8,599.97,1055.43,Available,17:05:51 30/09/2026
"Lillia, Protector of Dreams (Champion)",Riftbound Organized Play Promotional Cards,Promo,#058/219,22,122.99,148.31,Available,17:05:51 30/09/2026
"Rengar, Pridestalker (Metal) (Prize Wall)",Riftbound Organized Play Promotional Cards,Promo,#183/219,0,1275,1275,Out of Stock,17:05:51 30/09/2026
"Lee Sin, Blind Monk (Metal) (Prize Wall)",Riftbound Organized Play Promotional Cards,Promo,#257/298,2,4998,1024.98,Available,17:05:51 30/09/2026
"LeBlanc, Deceiver (Metal) (Prize Wall)",Riftbound Organized Play Promotional Cards,Promo,#199/219,0,2700,2700,Out of Stock,17:05:51 30/09/2026
"Darius, Hand of Noxus (Signature)",Origins,Showcase,#302,8,690,545.66,Available,17:05:51 30/09/2026
"Poppy, Keeper of the Hammer (Signature)",Unleashed,Showcase,#237,17,398,425.69,Available,17:05:51 30/09/2026
"Ahri, Nine-Tailed Fox (Signature)",Origins,Showcase,#303,5,3624.82,3624.82,Available,17:05:51 30/09/2026
"Master Yi, Wuju Bladesman (Metal) (Best Of)",Riftbound Organized Play Promotional Cards,Promo,#019/024,1,2700,1581.58,Available,17:05:51 30/09/2026
"Kai'Sa, Daughter of the Void (Metal) (Best Of)",Riftbound Organized Play Promotional Cards,Promo,#247/298,0,2360.21,2360.21,Out of Stock,17:05:51 30/09/2026
"Vi, Piltover Enforcer (Metal) (Prize Wall)",Riftbound Organized Play Promotional Cards,Promo,#187/219,1,4000,0,Available,17:05:51 30/09/2026
Startipped Peak (Oversized),Origins: Proving Grounds,Uncommon,#288/298,41,2.35,3.27,Available,17:05:51 30/09/2026
"Sett, The Boss (Metal) (Prize Wall)",Riftbound Organized Play Promotional Cards,Promo,#269/298,4,2499.99,1586.93,Available,17:05:51 30/09/2026
"Kha'Zix, Voidreaver (Signature)",Unleashed,Showcase,#236,16,479,403.27,Available,17:05:51 30/09/2026
"Garen, Might of Demacia (Metal) (Best Of)",Riftbound Organized Play Promotional Cards,Promo,#023/024,0,0,0,Out of Stock,17:05:51 30/09/2026
"Sett, The Boss (Metal) (Best Of)",Riftbound Organized Play Promotional Cards,Promo,#269/298,0,1333.31,1333.31,Out of Stock,17:05:51 30/09/2026
"Darius, Hand of Noxus (Metal) (Prize Wall)",Riftbound Organized Play Promotional Cards,Promo,#253/298,3,2650,1199.99,Available,17:05:51 30/09/2026
"Rek'sai, Void Burrower (Metal) (Prize Wall)",Riftbound Organized Play Promotional Cards,Promo,#187/221,1,1750,1049.75,Available,17:05:51 30/09/2026
"Miss Fortune, Bounty Hunter (Metal) (Prize Wall)",Riftbound Organized Play Promotional Cards,Promo,#267/298,1,4426.45,1999,Available,17:05:51 30/09/2026
"Mel, Soul's Reflection (Signature)",Vendetta,Showcase,#195,19,1050,1124.31,Available,17:05:51 30/09/2026
"Jhin, Virtuoso (Signature)",Unleashed,Showcase,#226,12,900,603.8,Available,17:05:51 30/09/2026
"Vex, Gloomist (Metal) (Prize Wall)",Riftbound Organized Play Promotional Cards,Promo,#193/219,0,1600,1600,Out of Stock,17:05:51 30/09/2026
"Garen, Might of Demacia (Metal) (Prize Wall)",Riftbound Organized Play Promotional Cards,Promo,#023/024,0,1999.99,1999.99,Out of Stock,17:05:51 30/09/2026
"Jax, Grandmaster At Arms (Metal) (Prize Wall)",Riftbound Organized Play Promotional Cards,Promo,#193/221,1,2499.99,1116.65,Available,17:05:51 30/09/2026
Void Gate (Oversized),Origins: Proving Grounds,Uncommon,#296/298,36,1.25,1.52,Available,17:05:51 30/09/2026
"Irelia, Blade Dancer (Metal) (Best Of)",Riftbound Organized Play Promotional Cards,Promo,#195/221,0,1300,1300,Out of Stock,17:05:51 30/09/2026
"Annie, Dark Child (Metal) (Best Of)",Riftbound Organized Play Promotional Cards,Promo,#017/024,0,2210.34,2210.34,Out of Stock,17:05:51 30/09/2026
Fortified Position (Oversized),Origins: Proving Grounds,Uncommon,#279/298,40,1,1.35,Available,17:05:51 30/09/2026
"Irelia, Fervent (Signature)",Spiritforged,Showcase,#225,11,1999.99,1572.06,Available,17:05:51 30/09/2026
"Volibear, Relentless Storm (Signature)",Origins,Showcase,#300,7,871.99,834.06,Available,17:05:51 30/09/2026
"Jinx, Loose Cannon (Metal) (Best Of)",Riftbound Organized Play Promotional Cards,Promo,#251/298,0,2117.98,2117.98,Out of Stock,17:05:51 30/09/2026
"Fiora, Grand Duelist (Metal) (Prize Wall)",Riftbound Organized Play Promotional Cards,Promo,#205/221,0,817.32,817.32,Out of Stock,17:05:51 30/09/2026
"Viktor, Herald of the Arcane (Metal) (Best Of)",Riftbound Organized Play Promotional Cards,Promo,#265/298,0,0,0,Out of Stock,17:05:51 30/09/2026
"Lee Sin, Blind Monk (Metal) (Best Of)",Riftbound Organized Play Promotional Cards,Promo,#257/298,0,1362.5,1362.5,Out of Stock,17:05:51 30/09/2026
"Miss Fortune, Bounty Hunter (Metal) (Best Of)",Riftbound Organized Play Promotional Cards,Promo,#267/298,0,0,0,Out of Stock,17:05:51 30/09/2026
"Teemo, Swift Scout (Metal) (Best Of)",Riftbound Organized Play Promotional Cards,Promo,#263/298,0,0,0,Out of Stock,17:05:51 30/09/2026
"Master Yi, Wuju Master (Signature)",Unleashed,Showcase,#231,11,588.1,445.29,Available,17:05:51 30/09/2026
"Draven, Glorious Executioner (Metal) (Prize Wall)",Riftbound Organized Play Promotional Cards,Promo,#185/221,3,2999.95,2200,Available,17:05:51 30/09/2026
"Renata Glasc, Chem-Baroness (Metal) (Prize Wall)",Riftbound Organized Play Promotional Cards,Promo,#201/221,0,1275,1275,Out of Stock,17:05:51 30/09/2026
"Kha'Zix, Voidreaver (Metal) (Prize Wall)",Riftbound Organized Play Promotional Cards,Promo,#201/219,1,4000,0,Available,17:05:51 30/09/2026
"Leona, Radiant Dawn (Metal) (Prize Wall)",Riftbound Organized Play Promotional Cards,Promo,#261/298,0,1499.99,1499.99,Out of Stock,17:05:51 30/09/2026
"Ezreal, Prodigal Explorer (Metal) (Prize Wall)",Riftbound Organized Play Promotional Cards,Promo,#199/221,3,3499.98,0,Available,17:05:51 30/09/2026
"Volibear, Relentless Storm (Metal) (Prize Wall)",Riftbound Organized Play Promotional Cards,Promo,#249/298,2,4000,1283.31,Available,17:05:51 30/09/2026
"Sett, Brawler (Signature)",Spiritforged,Showcase,#232,8,450,489.25,Available,17:05:51 30/09/2026
"Kai'Sa, Daughter of the Void (Metal) (Prize Wall)",Riftbound Organized Play Promotional Cards,Promo,#247/298,1,15555,2739.2,Available,17:05:51 30/09/2026
"Darius, Hand of Noxus (Metal) (Best Of)",Riftbound Organized Play Promotional Cards,Promo,#253/298,0,999.5,999.5,Out of Stock,17:05:51 30/09/2026
"Lux, Lady of Luminosity (Metal) (Best Of)",Riftbound Organized Play Promotional Cards,Rare,#021/024,0,1575,1575,Out of Stock,17:05:51 30/09/2026
"Karma, Channeler (Signature)",Spiritforged,Showcase,#237,14,475,320.02,Available,17:05:51 30/09/2026
"Nasus, Curator of the Sands (Signature)",Vendetta,Showcase,#192,29,519.26,594.27,Available,17:05:51 30/09/2026
"Diana, Scorn of the Moon (Signature)",Unleashed,Showcase,#234,12,1500,1529.86,Available,17:05:51 30/09/2026
"Teemo, Swift Scout (Metal) (Prize Wall)",Riftbound Organized Play Promotional Cards,Promo,#263/298,2,8000,4400,Available,17:05:51 30/09/2026
"Jinx, Loose Cannon (Metal) (Prize Wall)",Riftbound Organized Play Promotional Cards,Promo,#251/298,2,5999.99,2743.74,Available,17:05:51 30/09/2026
"Lucian, Purifier (Metal) (Best Of)",Riftbound Organized Play Promotional Cards,Promo,#183/221,0,0,0,Out of Stock,17:05:51 30/09/2026
"Rek'sai, Void Burrower (Metal) (Best Of)",Riftbound Organized Play Promotional Cards,Promo,#187/221,0,0,0,Out of Stock,17:05:51 30/09/2026
"Rumble, Mechanized Menace (Metal) (Best Of)",Riftbound Organized Play Promotional Cards,Promo,#181/221,0,0,0,Out of Stock,17:05:51 30/09/2026
"Renata Glasc, Chem-Baroness (Metal) (Best Of)",Riftbound Organized Play Promotional Cards,Promo,#201/221,0,1199.99,1199.99,Out of Stock,17:05:51 30/09/2026
"Jhin, Virtuoso (Metal) (Prize Wall)",Riftbound Organized Play Promotional Cards,Promo,#181/219,1,2000,1300,Available,17:05:51 30/09/2026
"Irelia, Blade Dancer (Metal) (Prize Wall)",Riftbound Organized Play Promotional Cards,Promo,#195/221,0,3500,3500,Out of Stock,17:05:51 30/09/2026
"Pyke, Bloodharbor Ripper (Metal) (Prize Wall)",Riftbound Organized Play Promotional Cards,Promo,#185/219,0,1450,1450,Out of Stock,17:05:51 30/09/2026
"Kai'Sa, Daughter of the Void (Signature)",Origins,Showcase,#299,8,3600,3114.31,Available,17:05:51 30/09/2026
"Jinx, Loose Cannon (Signature)",Origins,Showcase,#301,6,750,1266.68,Available,17:05:51 30/09/2026
"Sett, The Boss (Signature)",Origins,Showcase,#310,9,649.99,659.67,Available,17:05:51 30/09/2026
"Ahri, Inquisitive (Signature)",Spiritforged,Showcase,#227,12,6000,3334.49,Available,17:05:51 30/09/2026
"Pyke, Bloodharbor Ripper (Signature)",Unleashed,Showcase,#228,13,379.99,567.33,Available,17:05:51 30/09/2026
"Ahri, Nine-Tailed Fox (Metal) (Best Of)",Riftbound Organized Play Promotional Cards,Promo,#255/298,0,4232.98,4232.98,Out of Stock,17:05:51 30/09/2026
"Lillia, Bashful Bloom (Metal) (Prize Wall)",Riftbound Organized Play Promotional Cards,Promo,#189/219,1,2655.86,1450,Available,17:05:51 30/09/2026
"Volibear, Relentless Storm (Metal) (Best Of)",Riftbound Organized Play Promotional Cards,Promo,#249/298,0,1249.7,1249.7,Out of Stock,17:05:51 30/09/2026
Trifarian War Camp (Oversized),Origins: Proving Grounds,Uncommon,#294/298,37,2.25,2.92,Available,17:05:51 30/09/2026
"Shen, Eye of Twilight (Signature)",Vendetta,Showcase,#193,27,485,529.63,Available,17:05:51 30/09/2026
"Yasuo, Windrider (Signature)",Spiritforged,Showcase,#235,11,643.27,546.54,Available,17:05:51 30/09/2026
"Sivir, Battle Mistress (Metal) (Best Of)",Riftbound Organized Play Promotional Cards,Promo,#203/221,0,0,0,Out of Stock,17:05:51 30/09/2026
"Galio, Indefatigable (T1 Worlds Champion Player Bundle)",Riftbound Promotional Cards,Showcase,#T1A,0,0,0,Out of Stock,17:05:51 30/09/2026
"Seraphine, Starry-Eyed Songstress",Radiance,Rare,#151/167,0,0,0,Out of Stock,17:05:51 30/09/2026
"Seraphine, Not Alone (T1 Worlds Champion Player Bundle)",Riftbound Promotional Cards,Showcase,#T1A,0,0,0,Out of Stock,17:05:51 30/09/2026
"K'Sante, Courageous (Showcase)",Radiance,Showcase,#178/167,0,0,0,Out of Stock,17:05:51 30/09/2026
"Xin Zhao, Vigilant (T1 Worlds Champion Signature Edition Bundle)",Riftbound Promotional Cards,Showcase,#T1S,5,500,590,Available,17:05:51 30/09/2026
"Galio, Indefatigable (T1 Worlds Champion Signature Edition Bundle) (Serial Numbered)",Riftbound Promotional Cards,Showcase,#T1S,1,35000,0,Available,17:05:51 30/09/2026
"Xin Zhao, Vigilant (T1 Worlds Champion Player Bundle)",Riftbound Promotional Cards,Showcase,#T1A,0,0,0,Out of Stock,17:05:51 30/09/2026
Dockside Lock-Up,Radiance,Epic,#136/167,0,0,0,Out of Stock,17:05:51 30/09/2026
Rousing Display,Radiance,Uncommon,#127/167,0,0,0,Out of Stock,17:05:51 30/09/2026
"Seraphine, Not Alone (T1 Worlds Champion Signature Edition Bundle) (Serial Numbered)",Riftbound Promotional Cards,Showcase,#T1S,0,0,0,Out of Stock,17:05:51 30/09/2026
"Kai'Sa, Rebel",Radiance,Rare,#063/167,0,0,0,Out of Stock,17:05:51 30/09/2026
"Poppy, Keeper of the Hammer (Metal) (Prize Wall)",Riftbound Organized Play Promotional Cards,Promo,#203/219,0,0,0,Out of Stock,17:05:51 30/09/2026
"Xin Zhao, Vigilant (T1 Worlds Champion Signature Edition Bundle) (Serial Numbered)",Riftbound Promotional Cards,Showcase,#T1S,1,4000,0,Available,17:05:51 30/09/2026
"Master Yi, Wuju Master (Metal) (Prize Wall)",Riftbound Organized Play Promotional Cards,Promo,#191/219,0,0,0,Out of Stock,17:05:51 30/09/2026
"Orianna, Lady of Clockwork",Radiance,Rare,#145/167,0,0,0,Out of Stock,17:05:51 30/09/2026
"Ezreal, Dashing (Showcase)",Radiance,Showcase,#180/167,0,0,0,Out of Stock,17:05:51 30/09/2026
Mech // Gold,Spiritforged,Common,#T01,0,0,0,Out of Stock,17:05:51 30/09/2026
"Miss Fortune, Buccaneer (T1 Worlds Champion Signature Edition Bundle) (Serial Numbered)",Riftbound Promotional Cards,Showcase,#T1S,1,5999,0,Available,17:05:51 30/09/2026
"Ornn, Fire Below the Mountain (Metal) (Prize Wall)",Riftbound Organized Play Promotional Cards,Promo,#189/221,2,2500,0,Available,17:05:51 30/09/2026
"Ezreal, Prodigal Explorer (Metal) (Best Of)",Riftbound Organized Play Promotional Cards,Promo,#199/221,0,0,0,Out of Stock,17:05:51 30/09/2026
"Jax, Grandmaster At Arms (Metal) (Best Of)",Riftbound Organized Play Promotional Cards,Promo,#193/221,0,0,0,Out of Stock,17:05:51 30/09/2026
"Kayn, Unleashed (Showcase)",Radiance,Showcase,#182/167,0,0,0,Out of Stock,17:05:51 30/09/2026
"Ambessa, The Wolf (T1 Worlds Champion Signature Edition Bundle) (Serial Numbered)",Riftbound Promotional Cards,Showcase,#T1S,1,5500,0,Available,17:05:51 30/09/2026
"Ivern, Green Father (Metal) (Prize Wall)",Riftbound Organized Play Promotional Cards,Promo,#195/219,0,0,0,Out of Stock,17:05:51 30/09/2026
"Ambessa, The Wolf (T1 Worlds Champion Player Bundle)",Riftbound Promotional Cards,Showcase,#T1A,0,0,0,Out of Stock,17:05:51 30/09/2026
"Yone, Blademaster (Showcase)",Radiance,Showcase,#181/167,0,0,0,Out of Stock,17:05:51 30/09/2026
"Aphelios, Exalted (Showcase)",Radiance,Showcase,#179/167,0,0,0,Out of Stock,17:05:51 30/09/2026
"Sett, Kingpin (Showcase)",Radiance,Showcase,#183/167,0,0,0,Out of Stock,17:05:51 30/09/2026